,Name,Team,Age,Position,Apps,Mins,Goals,Assists,Yellow,Red,SpG,PS,Aerialswon,MotM,Rating,Tackles,Inter,Fouls,Offsides,Clear,Drb_def,Blocks,OwnG,Drb_off,Fouled,Off,Disp,UnsTch,AvgP,PSp,Crosses,LonB,ThrB,Pts
0,Robert Lewandowski,Bayern Munich,35,FW,33,2959,22,7,2,0,4.4,77.5,1.7,5,7.65,0.4,0.2,0.8,0.0,0.5,0.2,0.0,0,1.5,1.4,0.9,1.5,1.5,22.1,77.5,0.0,0.6,0.2,1.0
1,Ádám Szalai,Hoffenheim,36,FW,30,1621,6,3,3,0,2.2,71.1,1.6,1,6.69,0.6,0.1,1.1,0.0,0.2,0.2,0.0,0,0.3,0.8,0.3,0.7,0.7,14.0,71.1,0.0,0.4,0.0,0.5423728813559322
2,Sébastien Haller,Eintracht Frankfurt,29,FW,29,2181,15,9,3,0,1.9,63.5,6.9,3,7.55,0.8,0.5,1.4,0.0,0.8,0.4,0.0,0,1.0,1.5,0.7,1.7,1.7,27.0,63.5,0.0,0.4,0.1,0.5932203389830508
3,Luka Jovic,Eintracht Frankfurt,26,FW,32,2249,17,5,1,0,3.0,70.4,1.9,4,7.0,0.3,0.1,0.9,0.0,0.9,0.3,0.0,0,0.8,1.3,0.5,1.4,1.4,18.7,70.4,0.1,0.9,0.1,0.5932203389830508
4,Lucas Alario,Bayer Leverkusen,31,FW,27,1256,9,3,1,0,1.6,75.5,1.5,2,6.72,0.6,0.0,0.9,0.0,0.5,0.4,0.0,0,0.2,0.9,0.5,0.9,0.9,15.0,75.5,0.0,0.3,0.0,0.6610169491525424
5,Davie Selke,Hertha Berlin,29,FW,30,1731,3,5,4,0,1.5,59.7,3.5,1,6.69,0.2,0.0,0.9,0.0,0.2,0.2,0.0,0,0.7,0.9,0.4,1.0,1.0,15.1,59.7,0.1,0.2,0.0,0.4067796610169492
6,Vedad Ibisevic,Hertha Berlin,39,FW,29,1826,10,2,5,1,1.8,72.2,2.4,1,6.68,0.4,0.1,1.3,0.0,0.7,0.3,0.1,1,0.5,0.5,0.9,0.9,0.9,14.9,72.2,0.0,0.6,0.1,0.4067796610169492
7,Wout Weghorst,Wolfsburg,31,FW,34,2931,17,7,4,0,2.1,69.5,3.4,3,7.24,0.9,0.3,1.1,0.0,0.9,0.8,0.1,0,0.4,1.1,0.9,1.4,1.4,23.6,69.5,0.1,0.5,0.1,0.6101694915254238
8,Rouwen Hennings,Fortuna Duesseldorf,36,FW,29,1832,7,4,3,0,2.0,66.4,1.9,0,6.68,0.5,0.1,0.8,0.0,0.7,0.4,0.0,0,0.1,0.8,0.2,0.4,0.4,15.3,66.4,0.0,0.5,0.1,0.423728813559322
9,Nils Petersen,Freiburg,35,FW,24,1930,10,3,0,0,2.0,68.2,3.8,3,7.11,1.2,0.5,1.0,0.0,1.4,0.8,0.1,0,0.3,0.8,0.1,1.2,1.2,21.3,68.2,0.0,0.7,0.0,0.288135593220339
10,Mario Gomez,VfB Stuttgart,38,FW,31,2216,7,2,3,1,1.7,65.7,3.0,1,6.6,0.6,0.2,1.0,0.0,1.1,0.3,0.2,0,0.3,0.7,0.4,0.7,0.7,15.7,65.7,0.0,0.3,0.0,0.15254237288135594
11,Hendrik Weydandt,Hannover 96,28,FW,28,1720,6,1,1,0,2.2,58.3,4.5,0,6.73,0.6,0.2,1.3,0.0,1.5,0.8,0.1,0,0.4,1.0,0.3,1.3,1.3,15.1,58.3,0.1,0.1,0.0,0.03389830508474576
12,Jean-Philippe Mateta,Mainz 05,26,FW,34,2495,14,2,2,0,2.9,71.2,3.2,3,6.93,0.4,0.1,0.9,0.0,0.6,0.3,0.1,0,1.0,0.9,1.1,1.8,1.8,13.2,71.2,0.1,0.3,0.0,0.4067796610169492
13,Anthony Ujah,Mainz 05,33,FW,22,724,4,0,2,0,1.2,66.1,1.9,1,6.43,0.1,0.0,0.7,0.0,0.5,0.0,0.1,0,0.1,0.2,0.5,0.5,0.5,7.9,66.1,0.0,0.2,0.1,0.4067796610169492
14,Alfred Finnbogason,Augsburg,35,FW,18,1346,10,1,2,0,2.2,68.1,1.3,3,6.85,0.4,0.2,1.9,0.0,0.6,0.4,0.1,0,0.7,0.5,1.2,1.3,1.3,17.6,68.1,0.1,0.5,0.1,0.22033898305084745
15,Mikael Ishak,Nuernberg,31,FW,29,1920,4,3,1,0,1.3,69.9,1.2,0,6.44,0.3,0.1,0.8,0.0,0.3,0.4,0.1,0,0.6,1.1,0.5,0.7,0.7,14.1,69.9,0.1,0.3,0.0,0.0
16,Robert Lewandowski,Bayern Munich,35,FW,31,2762,34,4,5,0,4.5,73.2,2.0,7,8.13,0.6,0.2,1.0,0.0,0.4,0.4,0.0,0,1.9,1.4,0.5,1.7,1.7,24.7,73.2,0.3,0.5,0.1,1.0
17,Bas Dost,Eintracht Frankfurt,34,FW,24,1477,8,2,2,0,1.3,59.2,5.4,2,7.06,0.5,0.2,0.7,0.0,0.9,0.2,0.1,0,0.1,0.5,0.4,0.2,0.2,19.1,59.2,0.0,0.5,0.0,0.4032258064516129
18,André Silva,Eintracht Frankfurt,28,FW,25,1580,12,3,2,0,2.2,68.7,1.6,2,6.87,0.3,0.3,0.6,0.0,0.2,0.5,0.0,0,0.7,0.8,0.5,1.3,1.3,18.8,68.7,0.0,0.2,0.0,0.4032258064516129
19,Gonçalo Paciência,Eintracht Frankfurt,29,FW,23,1280,7,3,4,0,2.2,66.9,2.1,1,6.82,0.4,0.0,1.2,0.0,0.5,0.4,0.0,0,1.2,1.0,0.4,2.2,2.2,12.0,66.9,0.2,0.7,0.0,0.4032258064516129
20,Wout Weghorst,Wolfsburg,31,FW,32,2741,16,3,7,0,2.7,63.1,4.1,4,7.06,0.5,0.1,1.4,0.0,0.9,0.5,0.1,0,0.6,1.3,0.6,1.3,1.3,24.5,63.1,0.1,0.3,0.0,0.46774193548387094
21,Ahmed Kutucu,Schalke 04,24,FW,25,663,3,2,2,0,0.6,71.6,0.5,0,6.3,0.4,0.1,0.4,0.0,0.2,0.4,0.0,0,0.8,0.2,0.2,0.7,0.7,6.5,71.6,0.0,0.1,0.0,0.3064516129032258
22,Lucas Alario,Bayer Leverkusen,31,FW,24,1165,7,1,6,0,2.1,72.0,1.9,2,6.64,0.3,0.0,1.0,0.0,0.4,0.3,0.1,0,0.5,0.5,0.8,0.7,0.7,12.5,72.0,0.0,0.4,0.0,0.6935483870967742
23,Sebastian Andersson,Union Berlin,32,FW,33,2689,12,1,5,0,2.0,59.9,7.4,5,7.07,0.6,0.2,1.9,0.0,1.1,0.5,0.1,0,0.6,1.2,0.6,2.0,2.0,23.2,59.9,0.2,0.2,0.0,0.3387096774193548
24,Anthony Ujah,Union Berlin,33,FW,24,947,3,2,0,0,0.8,57.8,2.5,0,6.45,0.3,0.1,0.8,0.0,0.4,0.2,0.0,0,0.3,0.2,0.4,0.4,0.4,11.0,57.8,0.0,0.2,0.0,0.3387096774193548
25,Vedad Ibisevic,Hertha Berlin,39,FW,25,1257,7,2,4,0,1.1,70.8,1.2,2,6.52,0.2,0.0,0.8,0.0,0.6,0.1,0.0,0,0.2,0.5,0.5,0.9,0.9,9.3,70.8,0.0,0.5,0.0,0.3387096774193548
26,Davie Selke,Hertha Berlin,29,FW,19,957,1,1,3,0,1.0,60.0,3.9,0,6.4,0.3,0.1,1.4,0.0,0.6,0.2,0.1,0,0.3,1.1,0.3,0.7,0.7,12.1,60.0,0.0,0.1,0.0,0.3387096774193548
27,Alfred Finnbogason,Augsburg,35,FW,21,962,3,1,1,0,0.9,61.5,0.9,0,6.35,0.5,0.1,0.7,0.0,0.4,0.2,0.1,0,0.3,0.5,0.3,0.6,0.6,11.0,61.5,0.0,0.3,0.0,0.25806451612903225
28,Jhon Córdoba,FC Koln,30,FW,29,2005,13,2,5,0,2.1,76.4,3.2,2,6.96,0.3,0.2,2.0,0.0,0.6,0.3,0.0,0,0.7,2.2,0.9,1.6,1.6,14.2,76.4,0.1,0.3,0.0,0.25806451612903225
29,Anthony Modeste,FC Koln,36,FW,27,1132,4,1,1,0,1.3,56.3,2.6,1,6.39,0.4,0.0,0.9,0.0,0.7,0.3,0.1,0,0.3,0.6,0.3,0.4,0.4,8.3,56.3,0.0,0.2,0.0,0.25806451612903225
30,Simon Terodde,FC Koln,36,FW,23,804,3,1,4,0,1.5,56.8,1.7,0,6.34,0.3,0.1,1.1,0.0,0.6,0.4,0.1,0,0.1,0.5,0.1,0.3,0.3,7.3,56.8,0.0,0.1,0.0,0.25806451612903225
31,Nils Petersen,Freiburg,35,FW,34,2432,11,2,1,0,1.6,62.5,2.6,1,6.84,0.6,0.3,0.3,0.0,1.9,0.5,0.2,0,0.2,0.5,0.4,0.6,0.6,15.3,62.5,0.1,0.5,0.0,0.45161290322580644
32,Jean-Philippe Mateta,Mainz 05,26,FW,18,1057,3,1,0,1,1.9,64.8,2.2,0,6.46,0.1,0.1,0.5,0.0,0.6,0.3,0.1,0,0.9,0.4,0.7,1.0,1.0,11.1,64.8,0.0,0.1,0.0,0.27419354838709675
33,Ádám Szalai,Mainz 05,36,FW,27,1141,1,1,1,0,1.1,61.0,2.3,0,6.36,0.3,0.1,0.9,0.0,0.5,0.4,0.0,0,0.4,0.9,0.3,1.4,1.4,10.9,61.0,0.0,0.1,0.0,0.27419354838709675
34,Rouwen Hennings,Fortuna Duesseldorf,36,FW,32,2459,15,0,4,0,2.3,70.7,1.5,1,6.7,0.3,0.1,0.8,0.0,1.0,0.5,0.0,0,0.4,1.0,0.3,0.6,0.6,18.9,70.7,0.2,0.5,0.0,0.16129032258064516
35,Robert Lewandowski,Bayern Munich,35,FW,29,2463,41,7,4,0,4.7,77.2,1.7,11,8.07,0.5,0.1,1.4,0.0,0.4,0.4,0.0,0,0.8,1.0,0.7,1.5,1.5,22.8,77.2,0.2,0.5,0.0,1.0
36,Erling Haaland,Borussia Dortmund,23,FW,28,2410,27,6,2,0,3.3,72.7,1.3,8,7.63,0.3,0.1,0.7,0.0,0.6,0.1,0.1,0,1.1,0.8,0.6,0.4,0.4,16.3,72.7,0.0,0.1,0.0,0.7741935483870968
37,André Silva,Eintracht Frankfurt,28,FW,32,2771,28,5,1,0,3.7,73.4,2.3,8,7.51,0.3,0.1,0.6,0.0,0.5,0.2,0.0,0,0.8,1.1,0.9,1.5,1.5,23.4,73.4,0.1,0.3,0.0,0.7096774193548387
38,Luka Jovic,Eintracht Frankfurt,26,FW,18,888,4,0,2,0,1.4,78.6,1.4,0,6.55,0.1,0.1,0.7,0.0,0.4,0.2,0.0,0,0.8,0.4,0.2,1.1,1.1,15.8,78.6,0.0,0.8,0.1,0.7096774193548387
39,Jhon Córdoba,Hertha Berlin,30,FW,21,1544,7,1,3,0,2.3,76.7,1.9,1,6.78,0.4,0.3,1.8,0.0,0.2,0.1,0.1,0,0.7,2.1,0.8,1.4,1.4,13.7,76.7,0.2,0.4,0.0,0.3064516129032258
40,Krzysztof Piatek,Hertha Berlin,28,FW,32,1635,7,1,4,0,1.3,72.3,1.7,1,6.44,0.3,0.2,1.4,0.0,0.4,0.6,0.0,0,0.2,0.7,0.6,0.7,0.7,12.0,72.3,0.1,0.4,0.0,0.3064516129032258
41,Wout Weghorst,Wolfsburg,31,FW,34,2950,20,8,3,0,2.7,66.1,2.8,6,7.31,0.4,0.1,0.9,0.0,0.8,0.5,0.1,0,0.5,0.8,1.1,0.8,0.8,23.1,66.1,0.0,0.6,0.1,0.7258064516129032
42,Bartosz Bialek,Wolfsburg,22,FW,19,257,2,0,1,0,0.5,67.6,0.6,0,6.23,0.3,0.2,0.4,0.0,0.2,0.0,0.1,0,0.1,0.2,0.1,0.1,0.1,3.9,67.6,0.0,0.4,0.0,0.7258064516129032
43,Lucas Alario,Bayer Leverkusen,31,FW,25,1244,11,2,2,0,1.6,73.9,1.5,3,6.75,0.3,0.1,0.7,0.0,0.4,0.1,0.0,0,0.6,0.7,0.4,0.6,0.6,12.2,73.9,0.0,0.2,0.0,0.5806451612903226
44,Sasa Kalajdzic,VfB Stuttgart,26,FW,33,2140,16,5,1,0,2.1,68.7,2.9,7,7.02,0.5,0.3,0.9,0.0,0.6,0.5,0.0,0,0.5,1.1,0.1,0.9,0.9,20.0,68.7,0.0,0.3,0.0,0.46774193548387094
45,Nils Petersen,Freiburg,35,FW,32,1292,8,0,0,0,1.0,64.3,1.0,0,6.38,0.3,0.3,0.4,0.0,0.9,0.6,0.0,0,0.1,0.1,0.2,0.3,0.3,7.4,64.3,0.0,0.2,0.0,0.46774193548387094
46,Joel Pohjanpalo,Union Berlin,29,FW,19,851,6,0,0,0,1.6,68.6,1.7,1,6.65,0.3,0.1,0.4,0.0,0.6,0.3,0.0,0,0.3,0.4,0.6,0.2,0.2,9.7,68.6,0.1,0.3,0.1,0.5483870967741935
47,Taiwo Awoniyi,Union Berlin,26,FW,21,1366,5,2,0,0,1.4,66.8,1.6,0,6.53,0.2,0.1,1.0,0.0,0.2,0.6,0.0,0,0.6,1.0,0.7,1.4,1.4,13.8,66.8,0.0,0.3,0.0,0.5483870967741935
48,Fabian Klos,Arminia Bielefeld,36,FW,34,2725,5,2,4,0,1.6,54.9,6.5,2,6.85,0.7,0.1,1.4,0.0,0.8,0.6,0.2,0,0.2,1.6,0.4,0.9,0.9,23.3,54.9,0.1,0.6,0.0,0.3064516129032258
49,Sven Schipplock,Arminia Bielefeld,35,FW,32,724,1,0,4,0,0.5,55.6,0.6,0,6.19,0.5,0.2,1.2,0.0,0.2,0.7,0.1,0,0.3,0.9,0.1,0.2,0.2,5.3,55.6,0.0,0.1,0.0,0.3064516129032258
50,Niclas Füllkrug,Werder Bremen,31,FW,19,879,6,0,1,0,1.8,57.7,2.9,1,6.64,0.4,0.2,0.8,0.1,0.6,0.6,0.2,0,0.4,0.7,0.8,0.9,0.9,13.3,57.7,0.1,0.5,0.0,0.24193548387096775
51,Davie Selke,Werder Bremen,29,FW,23,803,3,0,4,0,1.2,55.0,2.8,0,6.33,0.1,0.0,0.9,0.0,0.3,0.3,0.1,0,0.1,1.2,0.4,0.6,0.6,8.8,55.0,0.0,0.1,0.0,0.24193548387096775
52,Matthew Hoppe,Schalke 04,23,FW,22,1310,6,1,3,0,0.9,68.9,1.1,0,6.41,0.3,0.2,1.0,0.0,0.6,0.5,0.1,0,0.6,0.7,0.4,0.5,0.5,11.4,68.9,0.0,0.1,0.0,0.0
53,Ádám Szalai,Mainz 05,36,FW,18,733,1,0,1,0,0.8,56.2,1.4,0,6.21,0.4,0.1,1.0,0.0,0.2,0.3,0.1,0,0.3,0.7,0.3,1.1,1.1,11.2,56.2,0.0,0.3,0.1,0.3709677419354839
54,Robert Lewandowski,Bayern Munich,35,FW,34,2952,35,3,2,0,4.7,77.4,1.6,8,7.89,0.3,0.2,0.6,0.1,0.2,0.4,0.1,0,1.4,1.1,0.6,1.6,1.6,21.6,77.4,0.1,0.4,0.1,1.0
55,André Silva,RB Leipzig,28,FW,33,2081,11,3,1,0,1.8,73.1,1.1,1,6.74,0.4,0.1,0.6,0.0,0.4,0.3,0.1,0,0.7,0.8,0.5,1.4,1.4,16.7,73.1,0.1,0.1,0.0,0.6779661016949152
56,Erling Haaland,Borussia Dortmund,23,FW,24,1915,22,7,3,0,3.3,71.3,1.6,6,7.55,0.1,0.0,0.7,0.0,1.3,0.0,0.0,0,0.5,0.6,0.6,0.7,0.7,19.2,71.3,0.0,0.0,0.1,0.864406779661017
57,Lucas Alario,Bayer Leverkusen,31,FW,27,642,6,0,2,0,0.9,67.3,0.7,0,6.4,0.2,0.0,0.3,0.0,0.2,0.1,0.0,0,0.4,0.3,0.3,0.5,0.5,6.2,67.3,0.0,0.1,0.0,0.7796610169491526
58,Nils Petersen,Freiburg,35,FW,22,568,5,1,0,0,0.6,61.7,1.0,0,6.42,0.2,0.1,0.1,0.0,0.8,0.5,0.0,0,0.2,0.1,0.0,0.1,0.1,6.0,61.7,0.0,0.0,0.0,0.6271186440677966
59,Gonçalo Paciência,Eintracht Frankfurt,29,FW,18,505,3,0,3,0,1.6,68.5,1.0,0,6.31,0.2,0.1,0.5,0.0,0.2,0.1,0.0,0,0.7,0.7,0.2,0.8,0.8,7.9,68.5,0.0,0.7,0.0,0.4067796610169492
60,Anthony Modeste,FC Koln,36,FW,32,2620,20,3,4,0,3.3,65.7,3.0,6,7.11,0.3,0.1,1.2,0.0,0.9,0.5,0.1,0,0.2,1.0,1.1,0.7,0.7,13.7,65.7,0.1,0.4,0.0,0.576271186440678
61,Sebastian Andersson,FC Koln,32,FW,26,1254,3,1,3,0,1.3,65.2,2.0,1,6.38,0.4,0.1,0.9,0.0,0.5,0.2,0.0,0,0.2,0.7,0.2,0.7,0.7,8.6,65.2,0.0,0.0,0.0,0.576271186440678
62,Wout Weghorst,Wolfsburg,31,FW,18,1552,6,1,2,0,2.1,70.9,2.5,1,6.76,0.7,0.1,0.9,0.0,0.6,0.6,0.2,0,0.4,1.7,0.8,1.0,1.0,23.7,70.9,0.0,0.6,0.1,0.4067796610169492
63,Taiwo Awoniyi,Union Berlin,26,FW,31,2200,15,1,1,0,2.2,67.2,1.7,5,6.84,0.4,0.1,0.8,0.0,0.9,0.3,0.1,1,1.1,0.7,0.7,1.3,1.3,14.8,67.2,0.1,0.1,0.1,0.6610169491525424
64,Kevin Behrens,Union Berlin,33,FW,24,480,2,2,1,0,0.7,65.1,1.9,0,6.35,0.1,0.1,0.6,0.0,0.3,0.2,0.0,0,0.2,0.2,0.0,0.3,0.3,8.0,65.1,0.0,0.1,0.0,0.6610169491525424
65,Fabian Klos,Arminia Bielefeld,36,FW,25,1423,3,1,2,1,1.6,51.1,4.6,1,6.57,0.3,0.0,1.2,0.0,1.2,0.3,0.2,0,0.4,0.7,0.1,0.6,0.6,17.7,51.1,0.0,0.6,0.0,0.1694915254237288
66,Janni Serra,Arminia Bielefeld,26,FW,26,1125,3,2,1,0,0.9,62.1,2.0,0,6.33,0.2,0.2,0.6,0.0,0.7,0.2,0.1,0,0.2,0.5,0.2,1.0,1.0,9.7,62.1,0.0,0.2,0.0,0.1694915254237288
67,Davie Selke,Hertha Berlin,29,FW,25,997,4,0,1,0,1.0,60.5,2.3,0,6.34,0.2,0.0,1.2,0.0,0.4,0.1,0.0,0,0.1,0.8,0.2,0.5,0.5,8.8,60.5,0.0,0.1,0.0,0.2542372881355932
68,Andi Zeqiri,Augsburg,24,FW,22,1032,2,1,2,0,1.4,67.9,0.5,0,6.29,0.6,0.1,0.9,0.0,0.5,0.4,0.0,0,0.4,0.7,0.5,0.9,0.9,7.5,67.9,0.1,0.2,0.0,0.3389830508474576
69,Dickson Abiama,Greuther Fuerth,25,FW,24,715,0,1,3,0,0.8,63.6,0.8,0,6.14,0.5,0.2,0.7,0.0,0.3,0.3,0.0,0,0.3,0.5,0.6,0.4,0.4,5.5,63.6,0.0,0.0,0.1,0.0
70,Sébastien Haller,Borussia Dortmund,29,FW,19,1232,9,3,1,0,1.8,70.5,2.2,1,7.21,0.3,0.1,0.7,0.0,0.5,0.2,0.0,0,0.5,0.7,0.2,0.8,0.8,16.1,70.5,0.0,0.2,0.0,1.0
71,Youssoufa Moukoko,Borussia Dortmund,19,FW,26,1135,7,3,0,0,1.3,71.3,0.2,1,6.6,0.5,0.1,0.3,0.0,0.0,0.1,0.0,0,0.7,0.3,0.0,0.8,0.8,7.5,71.3,0.1,0.1,0.0,1.0
72,Anthony Modeste,Borussia Dortmund,36,FW,19,807,2,1,4,0,1.2,59.5,1.7,0,6.44,0.2,0.1,0.7,0.0,1.1,0.2,0.0,0,0.0,0.4,0.3,0.5,0.5,6.4,59.5,0.1,0.0,0.0,1.0
73,Mathys Tel,Bayern Munich,19,FW,22,399,5,0,2,0,0.9,80.4,0.4,0,6.36,0.1,0.0,0.4,0.0,0.1,0.0,0.0,0,0.5,0.3,0.2,0.5,0.5,7.0,80.4,0.1,0.0,0.0,1.0
74,Niclas Füllkrug,Werder Bremen,31,FW,28,2479,16,5,4,0,2.8,63.7,5.5,5,7.38,0.3,0.0,1.2,0.0,0.9,0.4,0.1,0,1.1,1.7,1.0,1.8,1.8,32.3,63.7,0.1,1.5,0.0,0.16666666666666666
75,André Silva,RB Leipzig,28,FW,31,1741,4,3,3,0,1.9,73.7,0.6,0,6.63,0.4,0.1,1.0,0.0,0.1,0.2,0.0,0,0.7,1.4,0.3,1.4,1.4,15.1,73.7,0.0,0.3,0.1,0.8809523809523809
76,Lucas Alario,Eintracht Frankfurt,31,FW,20,317,1,0,0,0,0.6,65.9,1.1,0,6.19,0.2,0.1,0.5,0.0,0.6,0.1,0.0,0,0.3,0.1,0.3,0.4,0.4,4.3,65.9,0.0,0.1,0.0,0.5
77,Nils Petersen,Freiburg,35,FW,27,257,1,0,1,0,0.3,44.6,0.5,0,6.1,0.2,0.0,0.2,0.0,0.2,0.1,0.1,0,0.0,0.1,0.1,0.1,0.1,2.7,44.6,0.0,0.0,0.0,0.7142857142857143
78,Steffen Tigges,FC Koln,25,FW,30,1598,6,1,1,0,1.2,58.9,2.2,2,6.59,0.4,0.3,0.4,0.0,0.6,0.3,0.1,0,0.3,0.4,0.3,0.7,0.7,10.9,58.9,0.1,0.2,0.0,0.30952380952380953
79,Kevin Behrens,Union Berlin,33,FW,33,1536,8,1,6,0,1.1,59.6,5.4,4,6.83,0.3,0.2,1.1,0.0,0.7,0.4,0.1,0,0.4,0.8,0.4,0.6,0.6,14.2,59.6,0.1,0.3,0.1,0.7857142857142857
80,Jordan Siebatcheu,Union Berlin,28,FW,31,1359,4,3,3,0,1.1,55.6,3.4,2,6.56,0.5,0.1,1.2,0.0,0.5,0.5,0.2,0,0.3,0.4,0.3,0.8,0.8,9.5,55.6,0.0,0.1,0.0,0.7857142857142857
81,Philipp Hofmann,Bochum,31,FW,34,2643,8,2,5,0,1.5,58.9,6.3,3,7.0,0.5,0.2,1.4,0.0,1.4,0.2,0.2,0,0.3,1.2,0.5,1.1,1.1,21.6,58.9,0.0,0.3,0.0,0.14285714285714285
82,Simon Terodde,Schalke 04,36,FW,32,1825,5,0,5,0,1.4,67.8,2.3,2,6.49,0.5,0.2,1.2,0.0,0.3,0.3,0.1,0,0.1,1.1,0.8,0.5,0.5,9.7,67.8,0.0,0.2,0.0,0.047619047619047616
83,Wilfried Kanga,Hertha Berlin,26,FW,23,1421,2,0,3,0,1.1,62.8,2.3,0,6.42,0.2,0.1,0.8,0.0,0.5,0.1,0.1,0,0.3,0.5,0.5,0.8,0.8,10.5,62.8,0.1,0.1,0.0,0.0
84,Jessic Ngankam,Hertha Berlin,23,FW,18,825,4,0,5,0,1.1,62.7,0.8,0,6.33,0.8,0.1,1.1,0.0,0.2,0.4,0.1,0,0.6,0.7,0.1,1.0,1.0,6.1,62.7,0.0,0.2,0.0,0.0
85,Dion Beljo,Augsburg,22,FW,18,1140,3,2,2,0,0.7,65.1,2.6,1,6.57,0.4,0.1,1.4,0.1,0.8,0.6,0.1,0,0.4,0.6,0.4,1.3,1.3,13.4,65.1,0.1,0.3,0.0,0.11904761904761904
86,Olivier Giroud,Chelsea,37,FW,27,834,2,4,1,0,1.2,68.2,1.4,0,6.43,0.1,0.1,0.4,0.0,0.2,0.1,0.0,0,0.1,0.2,0.2,0.2,0.2,9.7,68.2,0.0,0.2,0.0,0.6829268292682927
87,Fernando Llorente,Tottenham,39,FW,20,685,1,4,2,0,1.2,66.4,2.7,0,6.49,0.2,0.1,0.6,0.0,0.5,0.1,0.1,1,0.3,0.3,0.3,0.6,0.6,11.2,66.4,0.0,0.2,0.0,0.6707317073170732
88,Salomón Rondón,Newcastle,34,FW,32,2609,11,7,1,0,2.8,69.9,4.6,1,7.05,0.3,0.2,0.7,0.0,1.2,0.6,0.1,0,0.6,0.8,0.6,2.4,2.4,23.0,69.9,0.1,0.3,0.1,0.35365853658536583
89,Chicharito,West Ham,35,FW,25,1339,7,1,2,0,1.5,71.1,0.5,0,6.59,0.1,0.0,0.4,0.0,0.3,0.2,0.0,0,0.5,1.4,0.4,0.4,0.4,12.9,71.1,0.0,0.4,0.1,0.43902439024390244
90,Troy Deeney,Watford,35,FW,32,2548,9,5,4,1,2.0,60.7,6.5,4,7.11,0.8,0.2,1.3,0.0,0.9,0.8,0.1,0,0.2,1.1,0.4,1.1,1.1,25.8,60.7,0.1,0.4,0.1,0.4146341463414634
91,Andre Gray,Watford,32,FW,29,1362,7,2,2,0,1.2,65.7,0.6,0,6.35,0.1,0.1,0.4,0.0,0.1,0.2,0.0,0,0.3,0.3,0.5,0.7,0.7,8.1,65.7,0.1,0.1,0.0,0.4146341463414634
92,Raúl Jiménez,Wolves,32,FW,38,3125,13,7,4,0,2.9,72.8,2.1,4,7.07,0.8,0.7,1.1,0.0,1.0,0.4,0.1,0,0.9,1.0,0.9,1.8,1.8,27.9,72.8,0.2,0.9,0.1,0.5
93,Chris Wood,Burnley,32,FW,38,2596,10,2,2,0,1.6,64.8,3.5,2,6.67,0.3,0.1,0.7,0.0,0.7,0.3,0.1,0,0.2,0.6,1.4,1.2,1.2,15.8,64.8,0.1,0.1,0.1,0.2926829268292683
94,Sam Vokes,Burnley,34,FW,20,916,3,0,0,0,1.1,50.7,6.3,0,6.63,0.2,0.0,0.7,0.0,0.9,0.0,0.1,0,0.2,0.5,0.4,0.7,0.7,13.4,50.7,0.0,0.1,0.0,0.2926829268292683
95,Glenn Murray,Brighton,40,FW,38,2513,13,1,5,0,1.4,58.3,4.6,3,6.65,0.4,0.1,2.1,0.1,0.4,0.4,0.1,0,0.2,1.4,1.0,0.9,0.9,15.9,58.3,0.0,0.2,0.0,0.24390243902439024
96,Florin Andone,Brighton,31,FW,23,876,3,0,5,0,0.8,67.3,1.6,0,6.22,0.4,0.1,1.2,0.0,0.5,0.2,0.0,0,0.4,0.9,0.2,1.4,1.4,7.2,67.3,0.1,0.1,0.0,0.24390243902439024
97,Callum Wilson,Bournemouth,32,FW,30,2535,14,9,3,0,2.2,67.1,1.5,4,6.99,0.3,0.1,1.4,0.0,0.5,0.3,0.1,0,0.6,1.1,0.6,1.5,1.5,14.7,67.1,0.2,0.1,0.0,0.35365853658536583
98,Lys Mousset,Bournemouth,28,FW,24,351,1,0,1,0,0.5,71.9,0.4,0,6.11,0.1,0.0,0.3,0.0,0.1,0.1,0.0,0,0.4,0.2,0.2,0.2,0.2,5.0,71.9,0.0,0.0,0.0,0.35365853658536583
99,Steve Mounié,Huddersfield,29,FW,31,1778,2,3,1,1,2.0,64.5,6.8,2,6.69,0.3,0.2,1.0,0.0,0.5,0.3,0.0,0,0.4,0.5,0.5,1.2,1.2,18.0,64.5,0.0,0.1,0.0,0.0
100,Laurent Depoitre,Huddersfield,35,FW,23,1062,0,1,1,0,1.3,59.9,3.5,0,6.22,0.3,0.1,0.8,0.0,0.3,0.1,0.0,0,0.2,0.4,0.3,1.3,1.3,11.9,59.9,0.0,0.1,0.0,0.0
101,Charlie Austin,Southampton,34,FW,25,981,2,2,1,0,1.3,58.6,1.7,0,6.27,0.5,0.1,0.6,0.0,0.5,0.2,0.1,0,0.0,0.7,0.4,0.7,0.7,7.9,58.6,0.0,0.2,0.0,0.2804878048780488
102,Aleksandar Mitrovic,Fulham,29,FW,37,3282,11,3,7,0,3.5,72.0,6.5,4,7.03,0.5,0.2,1.6,0.0,1.4,0.3,0.2,0,0.6,1.6,0.9,2.6,2.6,27.7,72.0,0.0,0.4,0.1,0.12195121951219512
103,Raúl Jiménez,Wolves,32,FW,38,3252,17,6,3,0,3.1,72.2,2.3,3,7.25,0.5,0.4,1.0,0.0,0.8,0.7,0.0,0,1.6,0.9,0.5,1.8,1.8,26.1,72.2,0.1,1.2,0.1,0.48717948717948717
104,Tammy Abraham,Chelsea,26,FW,34,2221,15,3,2,0,2.6,66.8,2.6,4,6.91,0.2,0.2,0.5,0.0,0.8,0.3,0.1,1,0.5,0.7,0.7,1.2,1.2,12.0,66.8,0.1,0.2,0.0,0.5769230769230769
105,Sébastien Haller,West Ham,29,FW,32,2263,7,1,1,0,1.8,65.8,6.8,3,7.08,0.7,0.3,1.4,0.0,0.8,0.8,0.2,0,0.8,1.2,0.6,1.1,1.1,24.0,65.8,0.0,0.4,0.0,0.23076923076923078
106,Wesley,Aston Villa,27,FW,21,1790,5,1,3,0,1.7,71.8,3.3,1,6.76,0.7,0.2,2.0,0.0,1.1,0.2,0.1,0,0.6,0.7,0.7,0.9,0.9,17.6,71.8,0.0,0.6,0.0,0.1794871794871795
107,Chris Wood,Burnley,32,FW,32,2446,14,1,1,0,2.0,63.0,3.8,2,6.72,0.2,0.1,1.1,0.0,0.6,0.3,0.1,1,0.2,0.9,1.1,0.9,0.9,14.4,63.0,0.0,0.1,0.0,0.4230769230769231
108,Michael Obafemi,Southampton,23,FW,21,663,3,2,1,0,0.6,80.3,0.4,0,6.34,0.3,0.3,0.5,0.0,0.0,0.6,0.0,0,0.7,0.3,0.1,0.7,0.7,6.5,80.3,0.0,0.1,0.0,0.3974358974358974
109,Callum Wilson,Bournemouth,32,FW,35,2911,8,1,10,0,1.6,64.5,1.9,1,6.51,0.3,0.1,1.6,0.0,0.5,0.4,0.1,0,0.7,1.1,0.9,1.5,1.5,14.6,64.5,0.1,0.3,0.0,0.16666666666666666
110,Dominic Solanke,Bournemouth,26,FW,32,1645,3,1,1,0,1.0,69.6,2.0,1,6.41,0.3,0.3,0.5,0.0,0.5,0.9,0.0,0,0.8,0.7,0.1,1.7,1.7,13.5,69.6,0.0,0.3,0.0,0.16666666666666666
111,Troy Deeney,Watford,35,FW,27,2234,10,2,3,0,1.7,54.2,7.3,2,7.05,0.7,0.4,1.4,0.0,1.0,0.9,0.0,0,0.4,1.3,0.4,1.0,1.0,26.3,54.2,0.0,0.3,0.0,0.16666666666666666
112,Andre Gray,Watford,32,FW,23,747,2,0,1,0,0.8,65.3,0.7,0,6.15,0.2,0.0,0.4,0.0,0.1,0.1,0.0,0,0.3,0.0,0.3,0.6,0.6,6.5,65.3,0.0,0.2,0.0,0.16666666666666666
113,Christian Benteke,Crystal Palace,33,FW,24,1259,2,1,4,1,1.7,54.3,6.0,0,6.81,0.4,0.2,1.0,0.0,1.2,0.4,0.2,0,0.8,0.8,0.5,1.0,1.0,14.0,54.3,0.0,0.3,0.1,0.28205128205128205
114,Lys Mousset,Sheffield United,28,FW,30,1235,6,4,1,0,1.2,69.6,0.8,1,6.48,0.3,0.1,0.8,0.0,0.1,0.1,0.0,0,0.9,0.5,0.5,1.3,1.3,8.0,69.6,0.0,0.1,0.0,0.4230769230769231
115,Billy Sharp,Sheffield United,38,FW,25,1048,3,2,1,1,0.6,74.1,0.8,0,6.34,0.2,0.0,0.8,0.0,0.1,0.2,0.0,0,0.6,1.3,0.4,1.2,1.2,8.5,74.1,0.0,0.1,0.0,0.4230769230769231
116,Aaron Connolly,Brighton,24,FW,24,1266,3,1,0,0,1.6,77.4,0.8,1,6.37,0.3,0.0,0.7,0.0,0.1,0.3,0.0,0,0.3,1.6,0.6,0.8,0.8,6.1,77.4,0.0,0.0,0.0,0.2564102564102564
117,Glenn Murray,Brighton,40,FW,23,790,1,1,0,0,0.8,61.7,1.7,0,6.25,0.2,0.0,0.7,0.0,0.5,0.3,0.1,0,0.0,0.7,0.4,0.7,0.7,7.3,61.7,0.0,0.0,0.0,0.2564102564102564
118,Tammy Abraham,Chelsea,26,FW,22,1036,6,1,0,0,1.5,72.7,1.8,2,6.7,0.3,0.2,1.0,0.0,0.8,0.3,0.0,0,0.3,0.5,0.2,0.3,0.3,9.3,72.7,0.0,0.1,0.0,0.6984126984126984
119,Callum Wilson,Newcastle,32,FW,26,2086,12,5,2,0,1.9,69.5,1.7,4,6.84,0.5,0.3,1.5,0.0,0.5,0.4,0.1,0,1.0,1.6,0.8,1.5,1.5,13.1,69.5,0.0,0.1,0.0,0.3492063492063492
120,Christian Benteke,Crystal Palace,33,FW,30,1819,10,1,1,1,2.4,58.6,6.8,2,7.08,0.5,0.1,1.2,0.0,1.3,0.2,0.2,0,0.5,0.7,0.5,0.9,0.9,19.2,58.6,0.0,0.3,0.0,0.3333333333333333
121,Chris Wood,Burnley,32,FW,33,2750,12,3,0,0,2.1,65.1,4.7,1,6.81,0.4,0.0,1.2,0.0,0.6,0.4,0.1,0,0.2,0.7,0.7,1.3,1.3,19.8,65.1,0.0,0.1,0.0,0.25396825396825395
122,Aleksandar Mitrovic,Fulham,29,FW,27,1390,3,3,3,0,2.2,73.5,2.6,1,6.5,0.3,0.1,0.8,0.0,0.3,0.2,0.1,0,0.3,0.9,0.1,0.6,0.6,14.0,73.5,0.1,0.3,0.1,0.07936507936507936
123,Rhian Brewster,Sheffield United,24,FW,27,1125,0,0,1,0,0.9,74.4,0.5,0,6.17,0.3,0.2,0.7,0.0,0.1,0.4,0.1,0,0.3,0.5,0.1,0.7,0.7,7.7,74.4,0.1,0.3,0.1,0.0
124,Ivan Toney,Brentford,28,FW,33,2908,12,5,8,0,2.7,58.9,4.5,5,7.28,1.0,0.4,1.5,0.0,1.3,0.8,0.1,0,0.7,2.4,0.8,1.3,1.3,22.2,58.9,0.1,0.4,0.3,0.3380281690140845
125,Christian Benteke,Crystal Palace,33,FW,25,1136,4,1,3,0,1.6,64.4,3.4,3,6.66,0.1,0.1,0.6,0.0,1.3,0.2,0.1,0,0.4,0.6,0.4,0.7,0.7,11.9,64.4,0.0,0.3,0.0,0.36619718309859156
126,Jean-Philippe Mateta,Crystal Palace,26,FW,22,1152,5,1,2,0,1.7,67.8,1.8,1,6.64,0.4,0.2,0.7,0.0,0.6,0.7,0.1,0,0.5,0.3,0.6,1.0,1.0,10.5,67.8,0.1,0.0,0.0,0.36619718309859156
127,Patson Daka,Leicester,25,FW,23,1163,5,3,2,0,1.1,74.5,0.7,0,6.45,0.7,0.1,0.7,0.0,0.3,0.7,0.0,0,0.1,0.6,0.3,0.8,0.8,9.6,74.5,0.0,0.1,0.0,0.4225352112676056
128,Eddie Nketiah,Arsenal,24,FW,21,825,5,1,3,0,1.4,77.7,0.4,2,6.6,0.4,0.2,0.8,0.0,0.2,0.1,0.1,0,0.7,0.7,0.2,0.5,0.5,10.7,77.7,0.0,0.0,0.0,0.6619718309859155
129,Armando Broja,Southampton,22,FW,32,1981,6,0,2,0,1.4,61.4,2.8,1,6.59,0.4,0.1,0.9,0.0,0.3,0.2,0.0,0,1.0,0.8,0.4,1.6,1.6,12.4,61.4,0.0,0.0,0.0,0.2535211267605634
130,Wout Weghorst,Burnley,31,FW,20,1457,2,3,3,0,1.5,64.3,2.8,0,6.62,0.9,0.3,1.5,0.0,0.7,0.7,0.3,0,0.7,0.9,0.5,1.5,1.5,21.3,64.3,0.1,0.2,0.0,0.18309859154929578
131,Joe Gelhardt,Leeds,21,FW,20,738,2,2,4,0,1.2,65.0,0.6,0,6.28,0.2,0.0,0.9,0.0,0.2,0.4,0.0,0,0.9,1.2,0.3,1.0,1.0,8.0,65.0,0.1,0.1,0.1,0.22535211267605634
132,Salomón Rondón,Everton,34,FW,20,783,1,1,3,1,1.1,62.4,1.9,0,6.19,0.3,0.0,0.6,0.0,0.5,0.5,0.0,0,0.2,0.2,0.3,0.5,0.5,9.3,62.4,0.1,0.2,0.0,0.23943661971830985
133,Raúl Jiménez,Wolves,32,FW,34,2640,6,4,5,2,1.7,71.8,1.9,1,6.66,0.9,0.4,1.3,0.0,0.8,0.7,0.1,0,1.1,1.4,0.7,1.7,1.7,22.1,71.8,0.1,0.7,0.1,0.4084507042253521
134,Erling Haaland,Manchester City,23,FW,35,2779,36,8,5,0,3.5,74.8,1.4,6,7.54,0.1,0.1,0.9,0.0,0.4,0.1,0.1,0,0.3,0.7,0.2,0.7,0.7,13.7,74.8,0.0,0.1,0.1,1.0
135,Eddie Nketiah,Arsenal,24,FW,30,1073,4,1,3,0,1.4,81.6,0.3,1,6.44,0.4,0.0,1.0,0.0,0.2,0.3,0.0,0,0.5,0.8,0.3,0.7,0.7,8.3,81.6,0.0,0.1,0.0,0.921875
136,Callum Wilson,Newcastle,32,FW,31,1887,18,5,4,0,2.4,67.7,0.6,4,6.92,0.3,0.0,0.7,0.0,0.2,0.1,0.0,0,0.4,1.0,0.5,1.2,1.2,7.6,67.7,0.0,0.1,0.0,0.71875
137,Evan Ferguson,Brighton,19,FW,19,952,6,2,1,0,1.9,81.1,0.5,0,6.67,0.3,0.1,0.5,0.0,0.3,0.3,0.1,0,0.4,0.6,0.3,1.1,1.1,11.7,81.1,0.0,0.1,0.1,0.578125
138,Ivan Toney,Brentford,28,FW,33,2955,20,4,9,0,2.8,62.0,3.3,5,7.25,0.7,0.4,1.6,0.0,1.1,0.5,0.3,0,0.5,2.2,0.8,1.4,1.4,22.3,62.0,0.2,0.4,0.2,0.53125
139,Patson Daka,Leicester,25,FW,30,1181,4,4,2,0,1.0,68.0,0.9,0,6.45,0.5,0.2,0.8,0.0,0.2,0.3,0.1,0,0.2,0.5,0.2,0.6,0.6,9.2,68.0,0.0,0.2,0.1,0.140625
140,Aleksandar Mitrovic,Fulham,29,FW,24,2015,14,1,7,0,3.9,60.5,4.2,4,7.08,0.6,0.1,1.4,0.0,0.8,0.3,0.2,0,1.0,1.7,0.6,2.4,2.4,20.4,60.5,0.0,1.0,0.1,0.421875
141,Carlos Vinícius,Fulham,29,FW,28,1102,5,2,3,0,0.8,64.8,1.0,0,6.32,0.1,0.0,0.8,0.0,0.3,0.1,0.0,0,0.2,0.5,0.2,0.8,0.8,6.5,64.8,0.0,0.0,0.1,0.421875
142,Jean-Philippe Mateta,Crystal Palace,26,FW,29,754,2,0,3,0,0.9,70.5,0.9,0,6.17,0.2,0.1,0.6,0.0,0.6,0.1,0.0,0,0.1,0.3,0.3,0.6,0.6,5.0,70.5,0.0,0.0,0.0,0.3125
143,Dominic Solanke,Bournemouth,26,FW,33,2873,6,7,2,0,2.3,69.8,1.6,3,6.79,0.5,0.2,1.2,0.1,1.3,0.5,0.2,0,1.4,1.6,0.3,2.2,2.2,15.6,69.8,0.0,0.2,0.0,0.21875
144,Kieffer Moore,Bournemouth,31,FW,27,1278,4,0,1,0,0.9,59.5,2.5,1,6.35,0.5,0.0,1.0,0.1,1.0,0.4,0.2,0,0.1,1.1,0.0,1.1,1.1,13.1,59.5,0.1,0.2,0.0,0.21875
145,Diego Costa,Wolves,35,FW,23,1248,1,0,5,1,1.2,73.5,1.3,1,6.24,0.1,0.1,1.3,0.0,0.7,0.3,0.0,0,0.2,0.4,0.7,1.1,1.1,9.3,73.5,0.0,0.0,0.0,0.25
146,Sékou Mara,Southampton,21,FW,22,541,1,2,1,0,0.8,66.0,1.1,0,6.27,0.6,0.0,0.9,0.0,0.2,0.3,0.0,0,0.6,0.3,0.1,0.8,0.8,4.7,66.0,0.0,0.0,0.0,0.0
147,Taiwo Awoniyi,Nottingham Forest,26,FW,27,1412,10,1,2,0,1.3,64.8,0.7,1,6.5,0.6,0.1,0.9,0.0,0.7,0.2,0.1,0,0.3,0.7,0.6,1.1,1.1,8.1,64.8,0.0,0.0,0.0,0.203125
148,Sam Surridge,Nottingham Forest,25,FW,20,308,1,0,2,0,0.5,51.9,0.7,0,6.09,0.3,0.0,0.6,0.0,0.4,0.2,0.1,0,0.1,0.5,0.2,0.2,0.2,3.9,51.9,0.0,0.1,0.0,0.203125
149,Maxi Gómez,Celta Vigo,27,FW,35,2964,13,5,4,1,2.3,73.1,4.0,3,6.95,0.2,0.1,2.0,0.0,1.2,0.3,0.0,0,0.4,1.9,1.2,1.2,1.2,19.2,73.1,0.1,0.9,0.1,0.16363636363636364
150,Karim Benzema,Real Madrid,36,FW,36,2964,21,6,1,0,2.9,82.6,1.2,7,7.38,0.7,0.2,0.6,0.0,0.7,0.4,0.0,0,1.3,0.6,1.0,1.3,1.3,32.9,82.6,0.1,1.1,0.1,0.6545454545454545
151,André Silva,Sevilla,28,FW,27,2164,9,0,4,0,2.3,72.7,2.5,2,6.93,0.3,0.1,1.6,0.0,1.2,0.4,0.0,0,0.5,1.0,0.6,2.1,2.1,19.9,72.7,0.1,0.1,0.2,0.4909090909090909
152,Jonathan Calleri,Deportivo Alaves,30,FW,34,2878,9,2,6,0,2.4,59.1,6.0,7,7.08,0.6,0.2,2.1,0.0,1.6,0.7,0.2,0,1.2,2.1,0.4,2.2,2.2,20.3,59.1,0.3,0.4,0.0,0.32727272727272727
153,Borja Bastón,Deportivo Alaves,31,FW,27,1449,5,1,4,0,1.2,61.8,1.8,0,6.31,0.6,0.1,1.5,0.0,0.4,0.9,0.2,0,0.2,0.5,0.4,0.7,0.7,11.6,61.8,0.1,0.1,0.0,0.32727272727272727
154,John Guidetti,Deportivo Alaves,32,FW,22,625,2,1,2,0,0.5,69.2,0.7,0,6.23,0.2,0.0,0.6,0.0,0.3,0.2,0.0,0,0.0,0.2,0.0,0.3,0.3,6.5,69.2,0.1,0.1,0.0,0.32727272727272727
155,Aritz Aduriz,Athletic Club,43,FW,20,941,2,0,4,0,1.0,62.3,2.7,0,6.25,0.2,0.0,1.4,0.1,0.2,0.3,0.1,0,0.1,0.4,0.6,0.4,0.4,11.6,62.3,0.1,0.1,0.0,0.38181818181818183
156,Sergi Enrich,Eibar,34,FW,35,2593,7,4,4,0,1.9,71.5,5.0,2,6.8,0.8,0.2,1.9,0.0,0.3,0.7,0.0,0,0.3,0.9,1.1,1.3,1.3,26.4,71.5,0.0,0.6,0.0,0.2727272727272727
157,Charles,Eibar,40,FW,34,1736,14,1,4,0,1.9,69.4,3.1,3,6.7,0.2,0.1,1.1,0.1,0.4,0.3,0.0,0,0.0,0.9,0.4,0.5,0.5,16.0,69.4,0.0,0.2,0.0,0.2727272727272727
158,Kike García,Eibar,34,FW,30,1296,3,0,0,0,1.4,70.3,2.7,0,6.37,0.2,0.1,1.0,0.0,0.2,0.1,0.0,0,0.2,0.8,0.3,0.9,0.9,13.1,70.3,0.0,0.2,0.0,0.2727272727272727
159,Roger Martí,Levante,33,FW,31,1895,13,0,4,0,2.3,69.5,0.8,2,6.63,0.3,0.1,1.2,0.0,0.3,0.6,0.0,0,0.4,1.0,0.3,0.6,0.6,11.2,69.5,0.1,0.5,0.0,0.21818181818181817
160,Carlos Bacca,Villarreal,37,FW,33,1263,6,1,3,0,0.9,68.1,0.7,0,6.38,0.1,0.2,0.6,0.1,0.2,0.2,0.0,0,0.4,0.3,0.5,0.8,0.8,8.2,68.1,0.0,0.3,0.0,0.21818181818181817
161,Loren Morón,Real Betis,30,FW,33,1960,6,0,3,0,1.8,75.4,0.8,0,6.48,0.5,0.2,0.9,0.0,0.5,0.6,0.0,0,0.5,1.4,0.8,1.3,1.3,10.2,75.4,0.0,0.1,0.0,0.32727272727272727
162,Enric Gallego,SD Huesca,37,FW,19,1541,5,1,4,0,1.7,55.1,5.3,2,7.05,1.1,0.4,2.4,0.1,1.6,0.8,0.1,0,0.7,1.5,1.0,1.2,1.2,19.7,55.1,0.2,0.1,0.1,0.01818181818181818
163,Willian José,Real Sociedad,32,FW,31,2374,11,5,5,1,1.8,74.8,1.4,2,6.74,0.2,0.0,1.1,0.0,0.9,0.2,0.2,0,0.6,1.0,0.6,1.7,1.7,24.4,74.8,0.1,2.0,0.0,0.32727272727272727
164,Borja Iglesias,Espanyol,31,FW,37,3082,17,3,5,0,2.4,70.5,1.8,2,6.93,0.6,0.2,1.5,0.0,1.1,0.5,0.2,0,0.6,1.4,1.2,1.8,1.8,18.2,70.5,0.0,0.4,0.1,0.38181818181818183
165,Jorge Molina,Getafe,42,FW,38,2651,14,5,2,0,1.5,66.7,2.4,4,6.97,0.3,0.2,1.2,0.0,0.7,0.3,0.0,0,0.9,1.2,0.6,1.3,1.3,19.3,66.7,0.1,0.4,0.2,0.4909090909090909
166,Ángel Rodríguez,Getafe,37,FW,37,1821,8,3,4,0,1.8,66.6,0.8,2,6.46,0.4,0.2,1.1,0.1,0.2,0.5,0.0,0,0.3,0.9,0.9,0.8,0.8,8.6,66.6,0.2,0.5,0.0,0.4909090909090909
167,Raúl de Tomás,Rayo Vallecano,29,FW,33,2821,14,1,5,0,3.5,81.7,1.3,3,6.94,0.2,0.3,1.8,0.0,1.3,0.4,0.1,0,1.5,1.1,0.5,2.1,2.1,13.9,81.7,0.0,1.1,0.0,0.0
168,Youssef En-Nesyri,Leganes,26,FW,31,2106,9,2,7,0,2.4,56.8,4.7,4,6.91,0.5,0.2,1.2,0.0,0.7,0.6,0.1,1,0.9,1.3,0.5,1.7,1.7,15.0,56.8,0.2,0.5,0.0,0.23636363636363636
169,Guido Carrillo,Leganes,32,FW,32,1995,6,1,5,0,1.8,63.7,6.6,4,6.91,0.8,0.3,1.3,0.0,0.8,0.4,0.0,0,0.3,0.9,0.3,0.7,0.7,20.0,63.7,0.0,0.3,0.0,0.23636363636363636
170,Enes Ünal,Real Valladolid,26,FW,33,2152,6,3,7,0,1.6,69.5,3.1,0,6.59,0.5,0.1,1.3,0.0,0.5,0.6,0.1,0,0.5,1.2,0.5,1.1,1.1,15.9,69.5,0.1,0.3,0.0,0.16363636363636364
171,Karim Benzema,Real Madrid,36,FW,37,3155,21,8,0,0,3.4,86.2,0.8,10,7.44,0.5,0.2,0.6,0.0,0.8,0.4,0.1,0,1.0,0.4,0.7,1.1,1.1,34.7,86.2,0.0,1.4,0.1,1.0
172,Willian José,Real Sociedad,32,FW,37,2018,11,1,4,0,1.6,72.2,1.1,0,6.51,0.1,0.0,0.7,0.0,0.4,0.2,0.1,0,0.2,0.7,0.4,0.7,0.7,15.1,72.2,0.0,0.7,0.0,0.5
173,Carlos Bacca,Villarreal,37,FW,19,683,2,1,1,0,0.9,75.6,0.7,0,6.34,0.3,0.0,0.4,0.0,0.4,0.2,0.0,0,0.3,0.3,0.4,0.3,0.3,6.9,75.6,0.0,0.1,0.0,0.5645161290322581
174,Loren Morón,Real Betis,30,FW,36,2032,10,3,2,1,1.4,66.2,1.2,0,6.61,0.5,0.3,0.7,0.0,0.3,0.4,0.2,0,0.4,1.3,0.7,0.7,0.7,7.6,66.2,0.1,0.3,0.0,0.25806451612903225
175,Borja Iglesias,Real Betis,31,FW,35,1922,3,2,3,1,1.0,74.8,1.1,0,6.37,0.2,0.1,1.0,0.0,0.5,0.3,0.1,0,0.5,0.6,0.4,0.7,0.7,8.9,74.8,0.0,0.2,0.0,0.25806451612903225
176,Diego Costa,Atletico Madrid,35,FW,23,1351,5,4,5,0,1.5,69.0,3.1,1,6.65,0.4,0.1,0.9,0.0,0.4,0.4,0.1,1,0.4,0.9,0.8,0.9,0.9,15.7,69.0,0.0,0.4,0.0,0.7258064516129032
177,Joselu,Deportivo Alaves,34,FW,36,2786,11,2,6,0,2.4,52.0,8.7,10,7.22,0.7,0.4,1.4,0.1,1.3,0.8,0.1,0,0.4,1.6,0.2,1.2,1.2,26.9,52.0,0.0,0.9,0.0,0.22580645161290322
178,Asier Villalibre,Athletic Club,26,FW,19,525,3,0,0,0,0.9,64.4,1.4,1,6.24,0.0,0.1,0.8,0.0,0.2,0.2,0.0,0,0.3,0.6,0.3,0.3,0.3,5.3,64.4,0.0,0.1,0.0,0.41935483870967744
179,Marc Cardona,Osasuna,28,FW,19,703,1,2,1,0,0.6,74.4,0.6,0,6.21,0.1,0.1,0.4,0.0,0.1,0.4,0.1,0,0.5,0.5,0.4,0.6,0.6,8.8,74.4,0.0,0.3,0.0,0.43548387096774194
180,Gabriel Fernández,Celta Vigo,29,FW,20,554,1,1,3,1,0.4,66.0,1.1,0,6.08,0.1,0.1,0.9,0.1,0.1,0.1,0.1,0,0.4,0.4,0.4,0.7,0.7,5.2,66.0,0.0,0.2,0.0,0.1935483870967742
181,Maxi Gómez,Valencia,27,FW,33,2149,10,2,5,0,1.2,61.7,2.7,3,6.7,0.3,0.2,1.4,0.0,0.4,0.1,0.0,0,0.2,1.8,1.0,0.5,0.5,11.5,61.7,0.0,0.5,0.1,0.45161290322580644
182,Roger Martí,Levante,33,FW,36,2272,11,1,4,1,1.6,65.6,1.0,4,6.48,0.5,0.2,1.6,0.0,0.4,0.6,0.0,1,0.4,0.9,0.3,0.6,0.6,11.9,65.6,0.0,0.4,0.0,0.3870967741935484
183,Sergio León,Levante,35,FW,22,664,1,0,2,0,1.0,58.6,0.5,0,6.1,0.1,0.0,0.5,0.0,0.1,0.1,0.0,0,0.1,0.5,0.6,0.5,0.5,4.0,58.6,0.1,0.0,0.0,0.3870967741935484
184,Roberto Soldado,Granada,38,FW,33,2363,7,4,14,0,1.0,70.0,1.4,0,6.61,0.5,0.1,1.3,0.0,0.5,0.5,0.1,0,0.3,1.3,0.6,0.5,0.5,16.2,70.0,0.1,0.4,0.0,0.5
185,Ante Budimir,Mallorca,32,FW,35,2782,13,2,12,0,1.6,64.0,4.7,3,6.92,0.9,0.2,1.9,0.0,0.8,0.6,0.1,0,0.6,1.7,0.5,1.0,1.0,16.5,64.0,0.0,0.1,0.0,0.12903225806451613
186,Abdón Prats,Mallorca,31,FW,20,261,0,0,1,0,0.6,65.2,0.6,0,5.99,0.1,0.0,0.4,0.0,0.1,0.1,0.0,0,0.1,0.1,0.0,0.2,0.2,3.5,65.2,0.0,0.2,0.0,0.12903225806451613
187,Kike García,Eibar,34,FW,27,1774,5,1,2,0,2.2,64.8,4.2,1,6.6,0.5,0.0,1.7,0.0,0.3,0.3,0.0,0,0.3,1.1,0.5,1.3,1.3,17.9,64.8,0.0,0.2,0.0,0.27419354838709675
188,Sergi Enrich,Eibar,34,FW,30,1873,1,4,6,0,0.9,69.6,3.8,1,6.46,0.6,0.3,2.0,0.1,0.4,0.6,0.1,0,0.3,0.8,0.6,1.0,1.0,17.7,69.6,0.0,0.4,0.0,0.27419354838709675
189,Charles,Eibar,40,FW,30,1295,6,0,8,0,0.8,67.2,2.2,1,6.37,0.3,0.2,1.4,0.0,0.2,0.6,0.1,0,0.0,0.7,0.2,0.4,0.4,11.3,67.2,0.0,0.1,0.0,0.27419354838709675
190,Enes Ünal,Real Valladolid,26,FW,35,2341,6,2,4,0,1.7,64.3,3.8,2,6.72,0.6,0.2,1.2,0.0,0.3,0.6,0.1,0,0.7,1.6,0.5,1.6,1.6,17.5,64.3,0.1,0.6,0.1,0.27419354838709675
191,Sergi Guardiola,Real Valladolid,32,FW,35,2666,8,2,6,0,1.6,71.1,0.9,4,6.59,0.4,0.2,1.5,0.0,0.5,0.6,0.0,0,1.2,1.9,0.6,1.3,1.3,18.3,71.1,0.1,0.6,0.0,0.27419354838709675
192,Jorge Molina,Getafe,42,FW,34,1895,5,3,6,1,0.9,65.3,2.5,1,6.55,0.2,0.1,1.0,0.0,0.5,0.4,0.1,0,0.7,1.4,0.5,1.0,1.0,16.9,65.3,0.1,0.3,0.1,0.46774193548387094
193,Ángel Rodríguez,Getafe,37,FW,32,1397,10,3,6,0,1.7,63.8,0.9,1,6.53,0.4,0.1,1.6,0.0,0.3,0.5,0.0,0,0.6,0.8,0.9,0.9,0.9,8.6,63.8,0.1,0.3,0.0,0.46774193548387094
194,Guido Carrillo,Leganes,32,FW,24,1210,1,2,2,0,1.5,63.4,5.4,1,6.69,0.5,0.1,1.2,0.0,0.9,0.5,0.0,0,0.2,1.0,0.2,0.6,0.6,14.8,63.4,0.0,0.1,0.0,0.1774193548387097
195,Jonathan Calleri,Espanyol,30,FW,27,1816,1,3,4,1,1.7,52.9,5.0,0,6.69,0.4,0.3,1.7,0.0,0.8,0.8,0.1,0,0.7,1.9,0.3,1.1,1.1,12.6,52.9,0.2,0.4,0.0,0.0
196,Víctor Campuzano,Espanyol,26,FW,20,868,0,0,2,0,0.8,66.0,0.8,0,6.09,0.6,0.1,1.2,0.0,0.2,0.8,0.0,0,0.5,0.9,0.7,0.9,0.9,7.1,66.0,0.0,0.2,0.0,0.0
197,Carlos Bacca,Villarreal,37,FW,23,782,5,0,1,0,0.9,65.4,0.4,1,6.44,0.4,0.1,0.4,0.0,0.0,0.1,0.0,0,0.2,0.3,0.3,0.5,0.5,6.9,65.4,0.0,0.2,0.0,0.5
198,Karim Benzema,Real Madrid,36,FW,34,2902,23,9,2,0,3.6,84.6,0.8,8,7.57,0.2,0.2,0.5,0.0,0.7,0.3,0.1,0,1.1,0.7,0.7,1.1,1.1,35.6,84.6,0.1,1.3,0.1,0.9642857142857143
199,Jon Bautista,Real Sociedad,28,FW,21,353,0,1,3,0,0.6,61.4,1.1,0,6.19,0.2,0.1,0.5,0.0,0.2,0.1,0.0,0,0.2,0.3,0.1,0.2,0.2,4.2,61.4,0.1,0.0,0.0,0.5714285714285714
200,Joselu,Deportivo Alaves,34,FW,37,3038,11,3,1,0,2.5,58.6,6.9,5,7.22,0.7,0.4,1.2,0.1,1.5,0.5,0.1,0,0.8,2.0,0.4,1.0,1.0,27.4,58.6,0.1,0.9,0.0,0.14285714285714285
201,Deyverson,Deportivo Alaves,32,FW,27,872,1,3,4,0,0.5,51.2,2.3,0,6.34,0.2,0.3,0.6,0.0,0.4,0.4,0.0,0,0.3,0.9,0.4,0.4,0.4,10.7,51.2,0.1,0.7,0.0,0.14285714285714285
202,Rafa Mir,SD Huesca,26,FW,38,2880,13,1,2,0,3.2,57.4,2.8,5,6.73,0.4,0.4,1.6,0.1,0.6,0.4,0.1,0,0.4,0.5,0.9,0.5,0.5,11.1,57.4,0.1,0.2,0.0,0.07142857142857142
203,Dani Escriche,SD Huesca,26,FW,23,851,1,1,5,1,0.4,73.5,0.7,0,6.22,0.4,0.3,0.8,0.0,0.1,0.3,0.0,0,0.7,0.7,0.3,0.6,0.6,11.3,73.5,0.0,0.1,0.0,0.07142857142857142
204,Jorge Molina,Granada,42,FW,33,1614,8,2,3,0,0.7,61.6,2.6,0,6.55,0.3,0.1,0.8,0.0,0.6,0.4,0.0,0,0.2,0.8,0.3,0.7,0.7,14.1,61.6,0.0,0.4,0.1,0.2857142857142857
205,Roberto Soldado,Granada,38,FW,29,1444,9,0,6,1,1.0,62.3,0.8,1,6.3,0.2,0.1,0.8,0.0,0.4,0.3,0.0,0,0.1,0.4,0.7,0.3,0.3,11.3,62.3,0.0,0.4,0.0,0.2857142857142857
206,Borja Iglesias,Real Betis,31,FW,28,1414,11,0,2,0,1.4,70.5,1.2,1,6.58,0.0,0.1,0.7,0.0,0.3,0.3,0.1,0,0.4,0.8,0.2,0.6,0.6,9.7,70.5,0.1,0.3,0.0,0.5535714285714286
207,Loren Morón,Real Betis,30,FW,27,984,1,0,3,0,0.9,63.2,1.2,0,6.2,0.4,0.1,0.6,0.1,0.5,0.6,0.0,0,0.4,0.9,0.3,1.0,1.0,6.7,63.2,0.0,0.3,0.0,0.5535714285714286
208,Maxi Gómez,Valencia,27,FW,31,2699,7,1,6,1,1.7,65.8,3.8,0,6.9,0.4,0.1,1.7,0.0,1.1,0.4,0.1,0,0.5,2.3,1.0,0.7,0.7,17.7,65.8,0.1,0.8,0.0,0.23214285714285715
209,Manu Vallejo,Valencia,27,FW,30,940,5,0,2,0,0.6,76.8,0.3,0,6.33,0.6,0.1,0.5,0.0,0.1,0.7,0.0,0,0.3,0.7,0.1,0.4,0.4,8.2,76.8,0.1,0.2,0.0,0.23214285714285715
210,Youssef En-Nesyri,Sevilla,26,FW,38,2314,18,0,2,0,2.1,68.2,2.5,6,6.87,0.4,0.2,0.7,0.0,0.6,0.4,0.0,0,0.4,0.9,0.7,0.6,0.6,9.9,68.2,0.0,0.2,0.0,0.8392857142857143
211,Kike García,Eibar,34,FW,37,3105,12,2,2,1,2.4,68.1,5.1,3,6.95,0.6,0.2,1.8,0.0,0.8,0.4,0.0,0,1.0,2.5,0.4,1.7,1.7,22.5,68.1,0.2,0.5,0.0,0.0
212,Sergi Enrich,Eibar,34,FW,27,1402,3,0,1,0,1.7,76.9,3.2,1,6.58,0.8,0.2,1.1,0.1,0.2,0.5,0.0,0,0.3,0.7,0.3,0.7,0.7,16.2,76.9,0.1,0.6,0.0,0.0
213,Yoshinori Muto,Eibar,31,FW,26,1122,1,1,1,0,0.8,68.7,1.5,0,6.31,0.5,0.1,1.1,0.0,0.0,0.2,0.0,0,0.6,0.6,0.3,1.1,1.1,8.3,68.7,0.0,0.1,0.0,0.0
214,Guido Carrillo,Elche,32,FW,21,1001,3,2,3,0,1.2,71.7,4.0,1,6.66,0.4,0.2,1.3,0.0,0.7,0.3,0.0,0,0.4,0.7,0.1,0.5,0.5,14.3,71.7,0.0,0.4,0.0,0.10714285714285714
215,Enes Ünal,Getafe,26,FW,28,1322,4,2,4,0,1.4,59.3,3.7,1,6.55,0.4,0.1,1.4,0.0,0.5,0.4,0.0,0,0.6,1.3,0.2,1.3,1.3,12.1,59.3,0.0,0.2,0.0,0.14285714285714285
216,Ángel Rodríguez,Getafe,37,FW,33,1364,5,0,4,0,1.2,69.7,0.7,1,6.19,0.2,0.1,0.8,0.0,0.2,0.5,0.0,0,0.3,0.7,0.4,0.8,0.8,8.4,69.7,0.0,0.3,0.0,0.14285714285714285
217,Ante Budimir,Osasuna,32,FW,30,1622,11,0,3,0,1.6,60.1,4.5,4,6.79,0.7,0.1,1.0,0.0,0.5,0.4,0.1,0,0.4,1.0,0.6,1.1,1.1,13.0,60.1,0.0,0.1,0.0,0.25
218,Jonathan Calleri,Osasuna,30,FW,25,1559,5,2,4,0,1.9,61.5,3.6,3,6.64,0.6,0.0,1.7,0.0,0.4,0.6,0.1,0,0.7,1.6,0.7,1.2,1.2,13.7,61.5,0.0,0.1,0.0,0.25
219,Enric Gallego,Osasuna,37,FW,22,803,0,2,2,0,0.6,58.9,3.4,0,6.28,0.3,0.0,1.4,0.0,0.4,0.5,0.0,0,0.3,0.5,0.2,0.4,0.4,11.3,58.9,0.0,0.1,0.0,0.25
220,Marcos André,Real Valladolid,27,FW,23,1171,4,1,3,0,1.4,60.8,1.8,2,6.5,0.3,0.1,1.1,0.1,0.4,0.3,0.1,0,0.6,1.1,0.3,0.7,0.7,8.1,60.8,0.0,0.2,0.0,0.017857142857142856
221,Shon Weissman,Real Valladolid,28,FW,32,2139,6,1,3,0,1.2,73.7,0.8,2,6.41,0.4,0.3,0.9,0.0,0.2,0.7,0.1,0,0.3,0.5,0.7,0.4,0.4,10.3,73.7,0.0,0.1,0.1,0.017857142857142856
222,Sergi Guardiola,Real Valladolid,32,FW,29,1795,1,2,5,0,1.2,67.0,2.0,0,6.37,0.4,0.2,1.3,0.0,0.6,0.9,0.0,0,0.9,1.4,0.4,1.4,1.4,17.2,67.0,0.2,0.7,0.0,0.017857142857142856
223,Asier Villalibre,Athletic Club,26,FW,35,1586,4,2,1,0,1.1,63.7,1.6,0,6.37,0.1,0.1,0.5,0.0,0.4,0.2,0.0,0,0.1,0.9,0.2,0.8,0.8,8.0,63.7,0.1,0.1,0.0,0.2857142857142857
224,Álvaro Negredo,Cadiz,38,FW,35,2217,8,4,3,1,1.4,57.3,3.7,4,6.75,0.3,0.1,0.6,0.1,0.5,0.2,0.1,0,0.8,1.1,0.2,0.6,0.6,16.0,57.3,0.0,0.6,0.1,0.25
225,Filip Malbasic,Cadiz,31,FW,28,850,0,1,2,0,0.3,58.8,0.5,0,6.1,0.4,0.1,0.6,0.0,0.0,0.4,0.0,0,0.3,0.5,0.3,0.4,0.4,5.3,58.8,0.1,0.2,0.0,0.25
226,Roger Martí,Levante,33,FW,33,2209,12,4,4,0,1.4,70.5,0.6,1,6.59,0.3,0.1,1.3,0.0,0.2,0.5,0.1,0,0.4,0.8,0.4,0.8,0.8,15.2,70.5,0.1,0.5,0.1,0.19642857142857142
227,Dani Gómez,Levante,25,FW,34,1660,2,2,3,0,0.9,78.4,0.4,0,6.27,0.1,0.1,0.9,0.0,0.1,0.3,0.0,0,1.0,1.1,0.4,1.2,1.2,9.4,78.4,0.0,0.1,0.0,0.19642857142857142
228,Sergio León,Levante,35,FW,28,734,2,0,1,0,0.7,71.1,0.4,0,6.16,0.2,0.1,0.5,0.0,0.0,0.2,0.0,0,0.0,0.2,0.2,0.4,0.4,4.8,71.1,0.0,0.0,0.0,0.19642857142857142
229,Karim Benzema,Real Madrid,36,FW,32,2600,27,12,0,0,4.0,85.2,0.6,10,7.69,0.3,0.1,0.4,0.0,0.4,0.2,0.0,0,1.1,0.3,1.0,0.8,0.8,38.1,85.2,0.1,1.0,0.1,1.0
230,Willian José,Real Betis,32,FW,32,1612,8,4,1,0,1.1,78.3,0.7,1,6.59,0.5,0.1,0.4,0.0,0.5,0.2,0.1,0,0.2,0.7,0.2,1.1,1.1,16.6,78.3,0.1,0.7,0.0,0.6181818181818182
231,Borja Iglesias,Real Betis,31,FW,33,1574,10,0,4,0,1.2,71.1,0.7,3,6.55,0.2,0.1,0.8,0.0,0.2,0.2,0.0,0,0.4,0.9,0.2,0.9,0.9,10.1,71.1,0.0,0.3,0.1,0.6181818181818182
232,Joselu,Deportivo Alaves,34,FW,37,3126,14,4,0,0,2.6,61.1,7.7,5,7.25,0.4,0.2,1.2,0.0,1.2,0.5,0.1,0,0.5,1.5,0.3,0.9,0.9,28.4,61.1,0.1,0.6,0.1,0.0
233,Miguel de la Fuente,Deportivo Alaves,24,FW,22,828,1,1,2,0,1.0,66.4,0.6,0,6.19,0.3,0.0,0.9,0.0,0.3,0.6,0.0,0,0.6,0.9,0.2,0.5,0.5,6.9,66.4,0.0,0.1,0.0,0.0
234,Asier Villalibre,Athletic Club,26,FW,19,540,2,0,0,0,1.0,62.2,1.0,0,6.27,0.2,0.1,0.5,0.0,0.4,0.1,0.1,0,0.2,0.7,0.2,0.7,0.7,5.8,62.2,0.0,0.0,0.0,0.43636363636363634
235,Raúl de Tomás,Espanyol,29,FW,34,2928,17,3,5,2,3.1,83.9,1.0,4,7.02,0.4,0.2,1.0,0.0,1.1,0.3,0.1,0,1.5,1.6,0.9,1.8,1.8,21.2,83.9,0.1,1.8,0.0,0.2
236,Loren Morón,Espanyol,30,FW,21,556,1,0,0,0,0.5,58.8,0.9,0,6.2,0.3,0.1,0.5,0.0,0.4,0.6,0.0,0,0.2,0.7,0.3,0.4,0.4,4.0,58.8,0.0,0.0,0.0,0.2
237,Enes Ünal,Getafe,26,FW,37,2812,16,1,8,0,2.3,61.5,3.9,6,6.94,1.0,0.1,2.1,0.0,1.0,1.0,0.1,0,0.7,1.9,0.4,1.5,1.5,17.1,61.5,0.1,0.2,0.0,0.14545454545454545
238,Sergi Guardiola,Rayo Vallecano,32,FW,32,1716,8,2,3,0,1.6,69.0,0.8,1,6.49,0.3,0.1,0.9,0.0,0.5,0.6,0.1,0,0.4,0.9,0.4,1.0,1.0,12.0,69.0,0.1,0.3,0.0,0.2
239,Radamel Falcao,Rayo Vallecano,38,FW,22,832,6,0,1,0,1.5,77.8,1.2,0,6.44,0.1,0.1,0.8,0.0,0.5,0.1,0.0,0,0.1,0.8,0.7,0.5,0.5,7.6,77.8,0.1,0.1,0.0,0.2
240,Maxi Gómez,Valencia,27,FW,29,1961,5,1,5,1,1.5,64.8,2.9,1,6.6,0.2,0.1,1.7,0.0,0.8,0.1,0.0,0,0.2,1.9,0.3,0.7,0.7,13.3,64.8,0.1,0.3,0.0,0.3090909090909091
241,Marcos André,Valencia,27,FW,29,963,1,3,3,0,1.0,68.2,1.4,0,6.41,0.5,0.2,0.8,0.0,0.4,0.4,0.0,0,0.5,0.8,0.1,0.8,0.8,6.1,68.2,0.0,0.2,0.1,0.3090909090909091
242,Roger Martí,Levante,33,FW,29,2124,7,3,8,0,1.7,69.6,1.1,1,6.53,0.8,0.1,2.1,0.0,0.3,0.8,0.0,0,0.5,1.0,0.4,0.8,0.8,15.4,69.6,0.0,0.4,0.0,0.07272727272727272
243,Dani Gómez,Levante,25,FW,28,1060,4,2,1,0,1.1,80.9,0.1,0,6.33,0.3,0.1,0.6,0.0,0.2,0.3,0.0,0,0.6,0.7,0.4,0.9,0.9,6.7,80.9,0.0,0.1,0.0,0.07272727272727272
244,Alejandro Cantero,Levante,23,FW,25,597,0,1,1,0,0.6,68.3,0.1,0,6.12,0.2,0.0,0.5,0.0,0.0,0.3,0.0,0,0.3,0.2,0.0,0.3,0.3,4.8,68.3,0.1,0.2,0.0,0.07272727272727272
245,Youssef En-Nesyri,Sevilla,26,FW,23,1282,5,1,1,0,1.6,66.5,2.0,0,6.58,0.4,0.2,0.5,0.0,0.8,0.3,0.0,0,0.2,0.4,0.8,0.5,0.5,7.9,66.5,0.0,0.3,0.0,0.7090909090909091
246,Rafa Mir,Sevilla,26,FW,34,1804,10,0,6,0,1.8,67.6,1.7,1,6.54,0.1,0.0,0.9,0.0,0.4,0.3,0.1,0,0.4,0.5,0.7,0.5,0.5,10.1,67.6,0.1,0.1,0.0,0.7090909090909091
247,Ante Budimir,Osasuna,32,FW,28,1741,8,2,3,0,1.6,58.0,3.9,2,6.76,0.9,0.1,1.3,0.0,0.6,0.5,0.1,0,0.4,1.1,0.6,1.0,1.0,12.3,58.0,0.1,0.1,0.0,0.2909090909090909
248,Kike García,Osasuna,34,FW,33,1860,5,1,2,0,1.6,67.6,2.3,1,6.47,0.3,0.1,0.7,0.0,0.3,0.6,0.0,0,0.4,1.1,0.3,1.1,1.1,14.8,67.6,0.2,0.5,0.0,0.2909090909090909
249,Fer Niño,Mallorca,23,FW,23,879,2,0,2,0,1.0,67.9,2.0,1,6.39,0.4,0.1,0.8,0.0,0.6,0.4,0.1,0,0.4,0.8,0.1,0.6,0.6,9.2,67.9,0.0,0.0,0.0,0.14545454545454545
250,Ángel Rodríguez,Mallorca,37,FW,29,1551,4,2,4,0,1.0,73.3,0.7,0,6.37,0.5,0.1,1.3,0.0,0.4,0.6,0.0,0,0.4,0.8,0.6,0.7,0.7,8.7,73.3,0.1,0.3,0.0,0.14545454545454545
251,Abdón Prats,Mallorca,31,FW,25,636,3,0,4,0,0.7,67.5,1.2,0,6.27,0.1,0.0,0.3,0.0,0.2,0.2,0.0,0,0.3,0.6,0.1,0.8,0.8,6.2,67.5,0.0,0.2,0.0,0.14545454545454545
252,Guido Carrillo,Elche,32,FW,29,1157,2,0,3,0,0.8,70.2,2.9,0,6.39,0.2,0.0,1.1,0.1,0.9,0.3,0.1,0,0.3,0.9,0.2,0.5,0.5,10.2,70.2,0.0,0.2,0.0,0.2
253,Jorge Molina,Granada,42,FW,35,1958,10,5,2,0,1.3,64.1,2.6,5,6.71,0.1,0.2,0.5,0.0,0.3,0.5,0.1,0,0.2,1.1,0.3,0.7,0.7,14.5,64.1,0.1,0.2,0.1,0.12727272727272726
254,Álvaro Negredo,Cadiz,38,FW,34,2157,7,2,3,0,2.0,60.0,3.4,3,6.74,0.1,0.1,0.5,0.0,0.7,0.1,0.1,0,0.6,1.0,0.3,0.5,0.5,15.4,60.0,0.1,1.0,0.0,0.14545454545454545
255,Karim Benzema,Real Madrid,36,FW,24,2044,19,3,1,0,4.5,87.0,0.6,6,7.53,0.4,0.1,0.4,0.0,0.2,0.4,0.0,0,0.8,0.3,0.9,1.2,1.2,44.0,87.0,0.0,0.6,0.3,0.8412698412698413
256,Robert Lewandowski,Barcelona,35,FW,34,2852,23,7,2,1,4.0,78.1,1.5,7,7.49,0.5,0.1,1.1,0.1,0.4,0.2,0.0,0,0.9,1.4,0.6,1.5,1.5,22.4,78.1,0.2,0.7,0.2,1.0
257,Joselu,Espanyol,34,FW,34,2989,16,2,3,0,2.7,61.0,5.1,5,7.15,0.4,0.2,0.7,0.0,1.2,0.4,0.1,0,0.5,2.1,0.8,1.3,1.3,21.7,61.0,0.2,0.4,0.0,0.19047619047619047
258,Vedat Muriqi,Mallorca,30,FW,35,2953,15,3,6,1,2.2,57.8,5.7,4,7.01,0.3,0.3,1.7,0.0,2.1,0.3,0.2,0,0.3,1.1,0.8,1.3,1.3,23.3,57.8,0.0,0.4,0.0,0.3968253968253968
259,Abdón Prats,Mallorca,31,FW,26,398,1,1,1,0,0.2,63.7,0.5,0,6.14,0.0,0.0,0.2,0.0,0.1,0.0,0.0,0,0.1,0.2,0.1,0.5,0.5,3.5,63.7,0.0,0.2,0.0,0.3968253968253968
260,Enes Ünal,Getafe,26,FW,35,2986,14,3,6,0,2.5,60.9,4.6,5,7.07,0.7,0.2,1.7,0.1,1.0,0.5,0.1,0,0.6,2.2,0.8,1.4,1.4,20.7,60.9,0.1,0.2,0.1,0.2698412698412698
261,Nicolas Jackson,Villarreal,22,FW,26,1603,12,4,4,1,1.6,76.4,0.5,4,6.87,0.5,0.1,1.2,0.0,0.1,0.2,0.1,0,0.9,1.0,0.5,1.5,1.5,12.2,76.4,0.1,0.3,0.0,0.6190476190476191
262,Sergio Camello,Rayo Vallecano,23,FW,38,2412,6,5,2,0,2.0,78.6,0.7,1,6.54,0.4,0.1,0.3,0.0,0.7,0.3,0.0,0,0.5,0.5,0.3,0.9,0.9,13.5,78.6,0.0,0.3,0.0,0.38095238095238093
263,Raúl de Tomás,Rayo Vallecano,29,FW,19,804,4,0,2,0,2.3,76.7,0.6,0,6.44,0.2,0.0,1.1,0.0,0.3,0.2,0.0,0,0.9,1.2,1.1,1.0,1.0,7.7,76.7,0.1,0.5,0.1,0.38095238095238093
264,Radamel Falcao,Rayo Vallecano,38,FW,27,598,2,0,4,0,0.8,74.1,0.9,0,6.1,0.1,0.1,0.6,0.0,0.4,0.3,0.0,0,0.1,0.5,0.4,0.3,0.3,6.1,74.1,0.0,0.1,0.0,0.38095238095238093
265,Álvaro Negredo,Cadiz,38,FW,21,756,1,2,0,0,1.0,61.4,1.5,1,6.35,0.2,0.0,0.2,0.0,0.4,0.0,0.0,0,0.2,0.4,0.3,0.3,0.3,8.1,61.4,0.0,0.5,0.1,0.2698412698412698
266,Borja Iglesias,Real Betis,31,FW,35,2385,15,3,2,1,1.8,76.0,0.7,2,6.63,0.2,0.0,1.1,0.0,0.5,0.3,0.0,0,0.3,1.5,0.6,1.1,1.1,14.8,76.0,0.0,0.4,0.1,0.5555555555555556
267,Willian José,Real Betis,32,FW,28,715,2,1,1,0,0.8,78.6,0.6,0,6.21,0.3,0.0,0.3,0.0,0.5,0.2,0.0,0,0.1,0.2,0.1,0.4,0.4,9.4,78.6,0.0,0.2,0.0,0.5555555555555556
268,Jørgen Strand Larsen,Celta Vigo,24,FW,32,1713,4,4,4,0,1.3,69.4,1.3,1,6.48,0.5,0.1,1.1,0.0,0.8,0.7,0.2,0,0.4,1.3,0.4,0.8,0.8,10.4,69.4,0.0,0.3,0.0,0.2857142857142857
269,Gonçalo Paciência,Celta Vigo,29,FW,25,650,2,0,2,1,1.2,59.4,1.2,1,6.23,0.3,0.0,0.8,0.0,0.2,0.2,0.0,0,0.2,0.7,0.0,0.6,0.6,6.4,59.4,0.1,0.4,0.0,0.2857142857142857
270,Youssef En-Nesyri,Sevilla,26,FW,31,1660,8,1,4,0,1.9,65.7,1.9,0,6.55,0.5,0.1,0.3,0.0,0.5,0.3,0.1,0,0.1,0.4,0.7,0.3,0.3,7.5,65.7,0.0,0.1,0.0,0.38095238095238093
271,Rafa Mir,Sevilla,26,FW,26,1300,6,0,1,0,1.9,69.3,1.4,1,6.39,0.3,0.2,0.9,0.1,0.4,0.1,0.0,0,0.0,0.4,0.7,0.5,0.5,9.8,69.3,0.0,0.1,0.0,0.38095238095238093
272,El Bilal Touré,Almeria,22,FW,21,1275,7,2,0,0,1.4,71.8,2.1,2,6.7,0.2,0.0,1.2,0.0,1.0,0.1,0.0,0,0.3,0.3,0.6,0.4,0.4,12.0,71.8,0.1,0.0,0.0,0.25396825396825395
273,Dyego Sousa,Almeria,34,FW,20,516,0,1,1,0,0.7,68.2,1.4,0,6.28,0.5,0.1,0.5,0.0,0.7,0.1,0.1,0,0.3,0.6,0.2,0.6,0.6,7.9,68.2,0.0,0.1,0.1,0.25396825396825395
274,Gorka Guruzeta,Athletic Club,27,FW,30,1421,6,1,2,0,1.7,73.4,1.0,2,6.52,0.8,0.1,0.9,0.0,0.2,0.4,0.1,0,0.3,0.5,0.5,0.7,0.7,12.8,73.4,0.0,0.6,0.0,0.4126984126984127
275,Ante Budimir,Osasuna,32,FW,31,1811,8,0,5,0,1.9,61.9,3.2,2,6.7,0.6,0.2,1.5,0.1,0.6,0.3,0.0,0,0.5,0.7,0.4,0.9,0.9,10.0,61.9,0.0,0.0,0.0,0.4444444444444444
276,Kike García,Osasuna,34,FW,35,999,2,0,5,0,1.2,70.9,1.3,0,6.23,0.2,0.0,0.7,0.0,0.4,0.1,0.0,0,0.3,0.7,0.2,0.5,0.5,6.7,70.9,0.0,0.0,0.0,0.4444444444444444
277,Sergio León,Real Valladolid,35,FW,29,1332,6,1,0,1,1.0,70.3,0.6,1,6.28,0.2,0.0,0.3,0.0,0.1,0.1,0.0,0,0.3,0.8,0.7,0.6,0.6,6.6,70.3,0.0,0.3,0.0,0.23809523809523808
278,Rachid Alioui,Nimes,31,FW,27,1239,5,0,1,0,1.9,72.3,1.6,0,6.61,0.6,0.4,0.4,0.0,0.4,0.2,0.0,0,0.3,0.4,0.2,0.4,0.4,13.2,72.3,0.1,0.3,0.0,0.40625
279,Baptiste Guillaume,Nimes,28,FW,24,1189,2,1,4,0,0.7,62.6,3.7,0,6.52,0.5,0.1,1.0,0.0,0.2,0.3,0.0,0,0.4,0.9,0.1,0.8,0.8,11.6,62.6,0.0,0.1,0.0,0.40625
280,Umut Bozok,Nimes,27,FW,25,1241,2,3,1,0,1.2,75.4,0.8,0,6.4,0.4,0.2,0.6,0.0,0.0,0.1,0.0,0,0.5,1.2,0.4,1.4,1.4,11.4,75.4,0.0,0.4,0.0,0.40625
281,Moussa Dembélé,Lyon,27,FW,33,2017,15,4,1,0,2.7,74.6,1.5,1,6.95,0.4,0.1,1.1,0.0,0.4,0.3,0.1,0,0.8,0.4,0.5,1.2,1.2,12.2,74.6,0.2,0.2,0.0,0.703125
282,Stéphane Bahoken,Angers,31,FW,32,2493,11,1,3,0,2.1,73.4,1.2,0,6.57,0.5,0.3,1.7,0.0,0.2,0.6,0.1,0,0.2,1.1,0.9,1.8,1.8,13.9,73.4,0.1,0.2,0.0,0.296875
283,Wilfried Kanga,Angers,26,FW,18,483,2,0,3,0,1.0,68.6,0.6,1,6.24,0.0,0.0,0.6,0.0,0.1,0.1,0.0,0,0.2,0.3,0.0,0.4,0.4,4.8,68.6,0.1,0.1,0.0,0.296875
284,Cristian López,Angers,35,FW,19,359,2,0,2,0,0.6,67.7,0.9,0,6.17,0.3,0.1,0.6,0.0,0.1,0.4,0.0,0,0.1,0.7,0.1,0.4,0.4,5.2,67.7,0.0,0.0,0.0,0.296875
285,Petar Skuletic,Montpellier,33,FW,28,581,1,1,0,0,1.2,69.2,1.7,1,6.33,0.3,0.1,0.6,0.0,0.5,0.5,0.0,0,0.3,0.3,0.1,0.3,0.3,5.7,69.2,0.0,0.1,0.0,0.5
286,Robert Beric,Saint-Etienne,32,FW,23,1172,9,1,0,0,1.6,68.9,1.3,1,6.74,0.5,0.2,1.4,0.0,0.1,0.4,0.1,0,0.2,1.0,0.2,0.7,0.7,8.5,68.9,0.0,0.0,0.0,0.609375
287,Yaya Sanogo,Toulouse,31,FW,21,1243,3,0,3,0,2.2,63.7,3.1,1,6.53,0.2,0.1,2.0,0.0,0.7,0.1,0.0,0,0.2,1.3,0.2,1.1,1.1,12.2,63.7,0.0,0.1,0.0,0.171875
288,Ludovic Ajorque,Strasbourg,30,FW,25,1536,9,1,5,0,1.8,74.8,4.2,5,6.93,0.7,0.2,1.8,0.0,0.4,0.2,0.0,0,0.4,0.6,0.1,0.9,0.9,18.1,74.8,0.0,0.8,0.0,0.34375
289,Lebo Mothiba,Strasbourg,28,FW,32,1769,9,2,3,0,1.1,78.5,1.2,1,6.55,0.3,0.0,1.5,0.0,0.2,0.3,0.0,0,0.4,0.8,0.3,1.1,1.1,13.3,78.5,0.0,0.3,0.0,0.34375
290,Emiliano Sala,Nantes,33,FW,19,1377,12,2,0,0,1.9,64.2,2.3,2,7.0,0.4,0.1,0.8,0.0,1.1,0.4,0.1,0,0.2,1.8,0.7,1.6,1.6,19.1,64.2,0.1,0.1,0.1,0.328125
291,Kalifa Coulibaly,Nantes,32,FW,32,1751,8,2,5,1,1.8,53.3,4.6,2,6.72,0.5,0.1,1.7,0.0,0.7,0.2,0.0,0,0.6,0.7,0.7,0.8,0.8,13.4,53.3,0.1,0.1,0.0,0.328125
292,Suk Hyun-Jun,Reims,32,FW,22,785,3,0,3,0,1.0,51.9,3.3,0,6.47,0.5,0.1,1.1,0.0,0.2,0.4,0.0,0,0.3,0.7,0.6,0.5,0.5,7.4,51.9,0.1,0.1,0.0,0.4375
293,Andreas Cornelius,Bordeaux,31,FW,20,783,3,1,4,0,1.1,65.7,3.7,0,6.6,0.2,0.1,2.0,0.0,1.1,0.2,0.1,0,0.3,0.9,0.4,1.0,1.0,11.8,65.7,0.0,0.3,0.1,0.21875
294,Malik Tchokounté,Caen,35,FW,29,1468,0,2,3,0,0.8,69.1,3.2,0,6.46,0.7,0.2,1.7,0.0,0.8,0.2,0.0,0,0.5,1.0,0.4,1.1,1.1,15.4,69.1,0.0,0.3,0.0,0.09375
295,Radamel Falcao,Monaco,38,FW,33,2565,15,2,10,0,2.8,77.4,2.8,3,6.85,1.0,0.1,2.1,0.0,0.7,0.6,0.2,0,0.4,1.9,0.4,1.4,1.4,19.8,77.4,0.1,0.4,0.1,0.140625
296,Mauro Icardi,Paris Saint-Germain,31,FW,20,1268,12,2,0,0,1.8,86.4,0.5,0,7.15,0.2,0.1,0.6,0.1,0.6,0.5,0.1,0,0.3,0.5,0.6,0.2,0.2,8.5,86.4,0.1,0.2,0.0,1.0
297,Darío Benedetto,Marseille,33,FW,26,2115,11,0,4,0,2.3,66.3,2.0,4,6.97,0.5,0.1,1.0,0.0,0.8,0.6,0.1,0,0.7,1.1,0.2,1.0,1.0,19.0,66.3,0.0,1.4,0.0,0.7818181818181819
298,Islam Slimani,Monaco,35,FW,18,1286,9,7,4,1,2.9,69.4,2.9,2,7.12,0.4,0.1,2.1,0.0,0.6,0.6,0.0,0,0.4,0.9,0.7,1.7,1.7,28.3,69.4,0.3,0.6,0.2,0.4909090909090909
299,Jhonder Cádiz,Dijon,28,FW,17,793,2,2,3,0,1.8,60.6,2.7,0,6.75,0.9,0.1,0.8,0.0,0.5,0.2,0.1,0,1.1,1.2,0.3,1.2,1.2,10.6,60.6,0.1,0.4,0.1,0.3090909090909091
300,Victor Osimhen,Lille,25,FW,27,2289,13,4,4,0,3.2,61.4,4.4,4,7.14,0.3,0.4,2.1,0.0,1.2,0.4,0.0,0,0.6,1.5,1.2,1.4,1.4,12.7,61.4,0.2,0.1,0.0,0.6545454545454545
301,Kasper Dolberg,Nice,26,FW,23,1895,11,3,2,0,1.8,77.2,0.9,3,6.94,0.4,0.4,1.1,0.0,1.0,0.6,0.1,0,0.6,1.6,0.3,1.2,1.2,12.4,77.2,0.0,0.1,0.0,0.509090909090909
302,Jordan Siebatcheu,Rennes,28,FW,14,437,0,1,3,0,0.7,70.8,1.1,0,6.23,0.5,0.1,0.8,0.0,0.1,0.1,0.0,0,0.4,0.5,0.1,0.7,0.7,6.9,70.8,0.0,0.1,0.0,0.6727272727272727
303,Kévin Denkey,Nimes,23,FW,17,596,3,1,1,0,1.2,66.7,0.9,0,6.32,0.6,0.1,1.4,0.0,0.1,0.2,0.0,0,0.4,0.7,0.1,0.7,0.7,7.9,66.7,0.1,0.2,0.0,0.2545454545454545
304,Josh Maja,Bordeaux,25,FW,21,725,6,2,0,0,0.9,83.3,0.2,1,6.51,0.2,0.0,0.8,0.0,0.1,0.4,0.2,0,0.5,0.5,0.2,0.7,0.7,9.7,83.3,0.0,0.0,0.1,0.43636363636363634
305,Rachid Alioui,Angers,31,FW,28,1565,6,1,1,0,2.1,74.1,1.7,0,6.59,0.3,0.1,0.9,0.0,0.3,0.4,0.0,0,0.6,1.2,0.2,0.6,0.6,16.4,74.1,0.1,0.3,0.0,0.4727272727272727
306,Stéphane Bahoken,Angers,31,FW,20,906,4,0,3,0,1.0,77.8,0.6,0,6.34,0.4,0.1,1.2,0.0,0.1,0.3,0.1,0,0.3,0.6,0.3,1.2,1.2,8.8,77.8,0.2,0.1,0.0,0.4727272727272727
307,Moussa Dembélé,Lyon,27,FW,27,2189,16,2,3,0,2.1,70.1,2.6,1,7.06,0.4,0.2,1.6,0.0,1.1,0.4,0.1,0,0.9,0.9,0.4,2.1,2.1,16.0,70.1,0.0,0.3,0.1,0.4909090909090909
308,Charles Abi,Saint-Etienne,24,FW,15,620,0,0,2,0,0.3,57.5,2.1,0,6.39,0.6,0.3,1.1,0.0,0.3,0.3,0.0,0,0.9,0.7,0.5,0.5,0.5,8.5,57.5,0.1,0.1,0.0,0.3090909090909091
309,Alexandre Mendy,Brest,30,FW,20,897,3,1,3,0,1.5,72.2,1.9,1,6.42,0.3,0.0,1.1,0.0,0.5,0.2,0.1,0,0.4,0.5,0.2,0.5,0.5,7.9,72.2,0.1,0.1,0.0,0.38181818181818183
310,Ludovic Ajorque,Strasbourg,30,FW,26,2068,8,4,3,0,1.9,70.3,4.4,3,7.01,0.6,0.1,1.5,0.1,0.7,0.4,0.0,0,0.3,0.8,0.2,0.6,0.6,19.0,70.3,0.1,0.4,0.0,0.45454545454545453
311,Lebo Mothiba,Strasbourg,28,FW,21,1048,3,3,0,0,1.3,84.8,1.4,1,6.47,0.2,0.1,1.1,0.0,0.0,0.2,0.0,0,0.5,0.3,0.3,0.6,0.6,10.7,84.8,0.1,0.1,0.0,0.45454545454545453
312,Kalifa Coulibaly,Nantes,32,FW,21,1616,4,0,1,0,2.3,55.7,4.9,0,6.8,0.5,0.3,1.6,0.0,1.5,0.1,0.0,0,0.4,0.6,1.1,1.9,1.9,15.5,55.7,0.1,0.0,0.0,0.43636363636363634
313,Yaya Sanogo,Toulouse,31,FW,15,908,3,1,1,0,1.7,65.1,3.7,1,6.61,0.4,0.5,1.9,0.0,0.9,0.1,0.1,0,0.1,1.5,0.3,0.8,0.8,11.5,65.1,0.0,0.1,0.0,0.0
314,Efthymios Koulouris,Toulouse,28,FW,24,1546,4,2,1,0,1.6,73.5,1.5,0,6.56,0.5,0.1,0.6,0.0,0.6,0.4,0.2,0,0.3,0.5,0.2,1.0,1.0,20.1,73.5,0.1,0.3,0.0,0.0
315,Mauro Icardi,Paris Saint-Germain,31,FW,20,1074,7,3,1,0,2.0,79.2,0.8,1,6.83,0.3,0.2,0.5,0.0,0.4,0.5,0.1,0,0.2,0.6,0.3,0.4,0.4,8.9,79.2,0.0,0.2,0.0,0.9838709677419355
316,Petar Skuletic,Montpellier,33,FW,19,220,2,0,0,0,0.6,54.1,1.3,0,6.22,0.2,0.0,0.2,0.0,0.2,0.3,0.1,0,0.1,0.2,0.1,0.3,0.3,3.9,54.1,0.0,0.1,0.0,0.532258064516129
317,Ludovic Ajorque,Strasbourg,30,FW,35,2972,16,4,5,0,2.0,68.3,4.7,4,7.22,0.9,0.3,1.1,0.0,1.5,0.7,0.1,0,0.3,1.3,0.3,0.9,0.9,25.6,68.3,0.1,1.2,0.0,0.3387096774193548
318,Moussa Koné,Nimes,27,FW,33,1762,9,0,2,0,0.9,77.5,0.5,0,6.45,0.4,0.1,0.6,0.0,0.2,0.2,0.0,0,0.8,1.2,0.5,0.9,0.9,8.8,77.5,0.0,0.3,0.0,0.22580645161290322
319,Steve Mounié,Brest,29,FW,35,2696,9,4,6,0,2.3,58.0,7.4,2,7.16,0.4,0.3,1.9,0.0,1.1,0.7,0.1,0,0.4,0.8,0.6,1.1,1.1,20.9,58.0,0.1,0.5,0.0,0.3225806451612903
320,Stéphane Bahoken,Angers,31,FW,30,1619,6,2,4,0,2.0,74.8,0.9,2,6.45,0.3,0.3,1.0,0.0,0.3,0.3,0.0,0,0.5,1.0,0.6,1.1,1.1,10.3,74.8,0.0,0.1,0.0,0.3709677419354839
321,Kasper Dolberg,Nice,26,FW,25,1931,6,2,2,0,1.5,81.5,0.9,1,6.57,0.2,0.2,0.8,0.0,0.8,0.4,0.1,0,0.4,2.0,0.2,1.2,1.2,12.3,81.5,0.0,0.2,0.0,0.5
322,Renaud Emond,Nantes,32,FW,22,340,2,0,1,0,0.4,68.3,0.8,0,6.15,0.0,0.0,0.2,0.0,0.0,0.0,0.0,0,0.0,0.6,0.0,0.1,0.1,3.7,68.3,0.0,0.1,0.0,0.3064516129032258
323,Charles Abi,Saint-Etienne,24,FW,24,907,3,2,1,0,0.8,64.3,1.5,0,6.29,0.3,0.2,0.8,0.0,0.2,0.4,0.1,0,0.5,0.3,0.3,0.8,0.8,8.3,64.3,0.0,0.3,0.0,0.4032258064516129
324,Darío Benedetto,Marseille,33,FW,32,1584,5,3,1,2,1.2,68.5,0.9,1,6.33,0.2,0.1,0.6,0.0,0.5,0.3,0.1,0,0.3,0.6,0.4,0.7,0.7,10.9,68.5,0.0,0.5,0.0,0.6290322580645161
325,Arnaud Kalimuendo,Lens,22,FW,28,1218,7,3,0,0,1.1,80.5,0.1,0,6.56,0.3,0.1,0.6,0.0,0.1,0.2,0.0,0,0.8,0.9,0.0,1.1,1.1,9.5,80.5,0.2,0.1,0.0,0.5806451612903226
326,Simon Banza,Lens,27,FW,34,1366,5,2,4,1,1.0,73.4,1.7,2,6.42,0.4,0.2,0.9,0.0,0.4,0.4,0.0,0,0.3,1.0,0.3,0.6,0.6,9.1,73.4,0.1,0.2,0.0,0.5806451612903226
327,Amadou Traoré,Bordeaux,22,FW,19,286,0,1,0,0,0.2,79.7,0.1,0,6.13,0.3,0.1,0.3,0.0,0.1,0.4,0.0,0,0.5,0.5,0.0,0.7,0.7,3.9,79.7,0.2,0.0,0.0,0.3870967741935484
328,El Bilal Touré,Reims,22,FW,33,1239,4,1,4,0,0.6,71.6,2.1,1,6.38,0.7,0.2,1.3,0.0,0.3,0.3,0.1,0,0.3,0.4,0.3,0.3,0.3,8.6,71.6,0.0,0.0,0.0,0.3387096774193548
329,Kaj Sierhuis,Reims,26,FW,24,642,0,1,2,0,0.6,63.5,0.5,0,6.2,0.3,0.1,0.7,0.0,0.2,0.3,0.0,0,0.4,0.2,0.0,0.6,0.6,6.5,63.5,0.1,0.3,0.0,0.3387096774193548
330,Pierre-Yves Hamel,Lorient,30,FW,23,843,4,2,5,0,1.0,63.7,1.5,0,6.37,0.7,0.4,1.0,0.0,0.3,0.2,0.0,0,0.1,0.3,0.1,0.8,0.8,8.3,63.7,0.0,0.1,0.0,0.3387096774193548
331,Adrian Grbic,Lorient,27,FW,33,946,4,0,2,0,1.0,61.5,0.9,0,6.25,0.2,0.2,0.7,0.0,0.2,0.2,0.0,0,0.1,0.5,0.0,0.3,0.3,6.2,61.5,0.0,0.0,0.0,0.3387096774193548
332,Mauro Icardi,Paris Saint-Germain,31,FW,24,1019,4,0,1,0,1.2,80.5,0.2,0,6.35,0.2,0.2,0.6,0.0,0.5,0.2,0.0,0,0.1,0.3,0.4,0.4,0.4,6.2,80.5,0.0,0.0,0.0,1.0
333,Nicholas Gioacchini,Montpellier,23,FW,28,476,0,2,0,0,0.4,63.8,0.7,0,6.16,0.3,0.1,0.1,0.0,0.1,0.2,0.0,0,0.2,0.6,0.1,0.4,0.4,4.9,63.8,0.1,0.1,0.0,0.21818181818181817
334,Béni Makouana,Montpellier,21,FW,23,305,0,0,4,0,0.3,74.3,0.0,0,5.98,0.1,0.1,0.4,0.0,0.0,0.0,0.0,0,0.1,0.0,0.1,0.3,0.3,3.0,74.3,0.0,0.0,0.0,0.21818181818181817
335,Myron Boadu,Monaco,23,FW,31,945,4,1,0,0,0.7,76.6,0.5,1,6.22,0.3,0.1,0.5,0.0,0.0,0.1,0.0,0,0.3,0.4,0.4,0.4,0.4,5.4,76.6,0.0,0.0,0.0,0.6909090909090909
336,Stéphane Bahoken,Angers,31,FW,29,1096,3,1,0,0,0.8,74.8,0.8,0,6.33,0.4,0.1,0.8,0.0,0.1,0.3,0.0,0,0.2,0.5,0.1,0.6,0.6,7.1,74.8,0.0,0.2,0.0,0.18181818181818182
337,Moussa Dembélé,Lyon,27,FW,30,2209,21,4,6,0,2.9,66.1,2.0,4,7.21,0.6,0.3,1.0,0.0,1.0,0.3,0.0,0,0.8,0.6,0.3,1.5,1.5,14.4,66.1,0.0,0.1,0.0,0.5636363636363636
338,Arnaud Kalimuendo,Lens,22,FW,32,2165,12,0,1,1,1.9,86.3,0.1,1,6.69,0.3,0.3,0.4,0.0,0.0,0.2,0.0,0,0.8,1.0,0.4,1.9,1.9,14.4,86.3,0.1,0.2,0.1,0.5636363636363636
339,Steve Mounié,Brest,29,FW,35,2313,9,2,2,0,2.1,60.2,6.4,1,6.89,0.5,0.2,1.2,0.0,0.3,0.7,0.0,0,0.2,0.8,0.3,0.6,0.6,20.3,60.2,0.1,0.3,0.0,0.3090909090909091
340,Kalifa Coulibaly,Nantes,32,FW,21,848,5,0,1,0,1.2,60.0,3.7,1,6.69,0.2,0.0,0.5,0.0,0.5,0.2,0.1,0,0.3,0.4,0.3,0.4,0.4,8.8,60.0,0.0,0.1,0.0,0.43636363636363634
341,Willem Geubbels,Nantes,22,FW,22,532,2,1,1,0,0.5,73.1,0.5,0,6.15,0.4,0.3,0.5,0.0,0.2,0.3,0.0,0,0.1,0.2,0.2,0.3,0.3,5.9,73.1,0.0,0.1,0.0,0.43636363636363634
342,Kasper Dolberg,Nice,26,FW,27,1503,6,2,1,0,1.5,71.0,0.8,1,6.57,0.3,0.2,1.1,0.0,0.6,0.2,0.0,0,0.4,1.1,0.1,0.7,0.7,8.8,71.0,0.1,0.1,0.0,0.6363636363636364
343,Ludovic Ajorque,Strasbourg,30,FW,36,2743,12,8,5,1,1.6,72.9,3.5,4,7.05,1.0,0.2,1.1,0.0,0.9,0.9,0.1,1,0.4,1.0,0.4,1.0,1.0,24.6,72.9,0.2,0.7,0.1,0.5818181818181818
344,Yoann Touzghar,Troyes,37,FW,28,1462,4,0,0,0,1.0,80.3,0.9,0,6.35,0.2,0.1,0.3,0.0,0.3,0.1,0.0,0,0.2,0.7,0.3,0.4,0.4,10.5,80.3,0.0,0.2,0.0,0.12727272727272726
345,Hugo Ekitike,Reims,21,FW,24,1275,10,3,1,1,1.3,71.1,1.1,3,6.83,0.8,0.3,0.8,0.0,0.5,0.3,0.1,0,1.0,1.3,0.5,0.9,0.9,16.2,71.1,0.0,0.3,0.0,0.2727272727272727
346,El Bilal Touré,Reims,22,FW,21,1201,2,4,2,0,1.6,74.4,2.8,1,6.63,0.6,0.3,1.0,0.0,0.8,0.2,0.1,0,0.4,0.7,0.3,0.6,0.6,15.4,74.4,0.0,0.1,0.0,0.2727272727272727
347,Sambou Soumano,Lorient,23,FW,21,435,3,0,1,0,0.9,60.2,0.9,0,6.23,0.2,0.0,0.6,0.0,0.3,0.0,0.0,0,0.5,0.5,0.3,0.6,0.6,4.2,60.2,0.0,0.0,0.0,0.09090909090909091
348,Mohamed Bayo,Clermont Foot,25,FW,32,2426,14,5,1,0,2.1,73.1,1.4,4,6.83,0.4,0.2,0.6,0.0,0.4,0.7,0.0,0,0.9,0.2,0.4,1.2,1.2,16.4,73.1,0.2,0.3,0.1,0.09090909090909091
349,Sékou Mara,Bordeaux,21,FW,26,898,6,0,2,0,1.5,67.9,1.2,2,6.42,0.3,0.1,0.8,0.0,0.2,0.3,0.0,0,0.4,0.9,0.1,0.6,0.6,7.2,67.9,0.0,0.2,0.0,0.0
350,Hugo Ekitike,Paris Saint-Germain,21,FW,25,1155,3,4,0,0,1.4,82.6,0.3,0,6.59,0.5,0.4,0.6,0.0,0.1,0.3,0.0,0,0.6,0.5,0.3,0.7,0.7,13.1,82.6,0.0,0.2,0.0,1.0
351,Moussa Dembélé,Lyon,27,FW,23,866,3,0,1,0,1.2,72.9,1.3,0,6.32,0.3,0.1,0.7,0.0,0.3,0.1,0.0,0,0.2,0.1,0.3,0.7,0.7,8.2,72.9,0.0,0.1,0.0,0.6567164179104478
352,Mohamed Bayo,Lille,25,FW,27,640,4,1,1,0,0.8,63.8,0.5,0,6.29,0.1,0.0,0.5,0.0,0.0,0.4,0.0,0,0.4,0.1,0.2,0.5,0.5,4.7,63.8,0.0,0.1,0.0,0.7313432835820896
353,Ibrahima Koné,Lorient,24,FW,37,1569,7,1,3,0,0.8,66.9,1.5,0,6.46,0.6,0.1,0.8,0.0,0.5,0.2,0.0,0,0.4,0.6,0.4,0.7,0.7,9.6,66.9,0.0,0.1,0.0,0.5522388059701493
354,Arnaud Kalimuendo,Rennes,22,FW,30,1862,7,3,0,0,1.4,84.4,0.4,1,6.62,0.5,0.1,0.5,0.0,0.3,0.5,0.1,0,0.8,0.8,0.2,1.2,1.2,14.1,84.4,0.0,0.1,0.0,0.746268656716418
355,Loïs Openda,Lens,24,FW,38,2529,21,4,2,0,2.7,71.2,0.3,6,6.99,0.3,0.1,1.1,0.0,0.2,0.3,0.0,0,0.5,1.2,0.6,0.6,0.6,10.6,71.2,0.1,0.2,0.1,0.9850746268656716
356,Eliesse Ben Seghir,Monaco,19,FW,19,1060,4,1,1,0,1.1,79.6,0.5,1,6.64,0.9,0.2,0.9,0.0,0.0,0.4,0.1,0,0.7,1.8,0.2,1.2,1.2,22.5,79.6,0.0,0.5,0.1,0.7014925373134329
357,Mostafa Mohamed,Nantes,26,FW,36,1936,8,2,1,0,1.6,62.6,2.1,1,6.64,0.5,0.3,1.2,0.0,0.9,0.3,0.0,0,0.6,0.8,0.4,0.6,0.6,9.4,62.6,0.0,0.2,0.0,0.26865671641791045
358,Thijs Dallinga,Toulouse,23,FW,36,2363,12,1,4,0,1.7,65.0,1.6,1,6.65,0.2,0.1,1.0,0.0,0.6,0.3,0.1,0,0.3,0.5,0.6,0.5,0.5,13.9,65.0,0.0,0.3,0.0,0.44776119402985076
359,Ado Onaiwu,Toulouse,28,FW,34,1073,2,1,0,0,0.6,76.2,1.1,0,6.22,0.3,0.1,0.4,0.0,0.1,0.2,0.0,0,0.2,0.4,0.1,0.8,0.8,9.6,76.2,0.0,0.1,0.1,0.44776119402985076
360,Lebo Mothiba,Strasbourg,28,FW,19,428,3,0,0,0,0.5,79.6,0.5,0,6.22,0.1,0.0,0.6,0.0,0.2,0.1,0.1,0,0.2,0.6,0.0,0.4,0.4,4.9,79.6,0.0,0.0,0.0,0.3283582089552239
361,Steve Mounié,Brest,29,FW,23,1662,6,0,2,0,2.6,56.2,6.6,2,7.07,0.6,0.1,1.6,0.0,0.9,0.4,0.3,0,0.4,1.1,0.4,1.2,1.2,19.3,56.2,0.0,0.1,0.0,0.3880597014925373
362,Amine Salama,Angers,23,FW,25,1245,3,1,1,0,1.0,75.9,0.3,0,6.35,0.4,0.4,0.3,0.0,0.1,0.4,0.1,0,0.9,0.4,0.2,0.8,0.8,12.3,75.9,0.1,0.1,0.0,0.0
363,Folarin Balogun,Reims,22,FW,37,3013,21,2,5,0,3.5,72.5,0.4,4,6.9,0.2,0.1,1.0,0.0,0.4,0.5,0.0,0,0.9,1.5,0.8,2.0,2.0,14.8,72.5,0.2,0.3,0.0,0.4925373134328358
364,Grejohn Kyei,Clermont Foot,28,FW,37,2244,10,3,3,0,1.6,72.4,1.3,5,6.65,0.4,0.2,1.6,0.0,0.6,0.2,0.1,0,1.1,1.1,0.4,1.3,1.3,13.9,72.4,0.1,0.5,0.0,0.6119402985074627
365,Komnen Andric,Clermont Foot,28,FW,34,1442,4,3,4,0,0.9,75.3,1.3,0,6.34,0.4,0.2,0.5,0.0,0.4,0.4,0.0,0,0.2,1.2,0.2,0.9,0.9,12.5,75.3,0.0,0.5,0.0,0.6119402985074627
366,Iké Ugbo,Troyes,25,FW,25,889,2,1,0,0,0.6,70.6,0.4,0,6.2,0.2,0.1,0.5,0.0,0.2,0.3,0.1,0,0.2,0.4,0.2,0.3,0.3,5.4,70.6,0.0,0.0,0.0,0.08955223880597014
367,Matthis Abline,Auxerre,21,FW,19,803,2,1,1,0,1.4,69.4,0.6,0,6.23,0.2,0.1,0.7,0.0,0.1,0.3,0.1,0,0.6,0.5,0.3,0.9,0.9,5.2,69.4,0.1,0.1,0.0,0.2537313432835821
368,Mounaïm El Idrissy,AC Ajaccio,25,FW,32,2509,6,0,10,0,1.6,69.0,3.7,2,6.56,1.0,0.4,2.5,0.0,0.6,0.8,0.0,0,0.3,2.5,0.7,1.1,1.1,18.6,69.0,0.0,0.3,0.0,0.11940298507462686
369,Duván Zapata,Atalanta,33,FW,37,2900,23,7,5,0,3.2,79.0,1.8,4,7.32,0.2,0.1,1.6,0.0,0.6,0.2,0.2,0,1.1,2.2,0.8,2.5,2.5,18.8,79.0,0.1,0.5,0.1,0.7123287671232876
370,Krzysztof Piatek,AC Milan,28,FW,18,1379,9,0,0,0,2.3,77.0,1.6,1,6.99,0.5,0.2,1.6,0.1,1.1,0.7,0.2,0,0.4,1.8,0.6,1.2,1.2,15.7,73.2,0.0,0.7,0.1,0.6986301369863014
371,Krzysztof Piatek,AC Milan,28,FW,18,1379,9,0,0,0,2.3,77.0,1.6,1,6.99,0.5,0.2,1.6,0.1,1.1,0.7,0.2,0,0.4,1.8,0.6,1.2,1.2,13.6,77.0,0.1,0.3,0.0,0.6986301369863014
372,Krzysztof Piatek,AC Milan,28,FW,18,1379,9,0,0,0,2.3,77.0,1.6,1,6.99,0.5,0.2,1.6,0.1,1.1,0.7,0.2,0,0.4,1.2,0.7,1.3,1.3,15.7,73.2,0.0,0.7,0.1,0.6986301369863014
373,Krzysztof Piatek,AC Milan,28,FW,18,1379,9,0,0,0,2.3,77.0,1.6,1,6.99,0.5,0.2,1.6,0.1,1.1,0.7,0.2,0,0.4,1.2,0.7,1.3,1.3,13.6,77.0,0.1,0.3,0.0,0.6986301369863014
374,Krzysztof Piatek,AC Milan,28,FW,18,1379,9,0,0,0,2.3,77.0,1.6,1,6.99,0.4,0.1,1.6,0.0,0.8,0.4,0.1,0,0.4,1.8,0.6,1.2,1.2,15.7,73.2,0.0,0.7,0.1,0.6986301369863014
375,Krzysztof Piatek,AC Milan,28,FW,18,1379,9,0,0,0,2.3,77.0,1.6,1,6.99,0.4,0.1,1.6,0.0,0.8,0.4,0.1,0,0.4,1.8,0.6,1.2,1.2,13.6,77.0,0.1,0.3,0.0,0.6986301369863014
376,Krzysztof Piatek,AC Milan,28,FW,18,1379,9,0,0,0,2.3,77.0,1.6,1,6.99,0.4,0.1,1.6,0.0,0.8,0.4,0.1,0,0.4,1.2,0.7,1.3,1.3,15.7,73.2,0.0,0.7,0.1,0.6986301369863014
377,Krzysztof Piatek,AC Milan,28,FW,18,1379,9,0,0,0,2.3,77.0,1.6,1,6.99,0.4,0.1,1.6,0.0,0.8,0.4,0.1,0,0.4,1.2,0.7,1.3,1.3,13.6,77.0,0.1,0.3,0.0,0.6986301369863014
378,Patrick Cutrone,AC Milan,26,FW,34,1438,3,2,2,0,1.0,74.3,0.5,0,6.31,0.3,0.2,0.8,0.0,0.4,0.4,0.1,0,0.1,0.6,0.4,0.8,0.8,9.3,74.3,0.1,0.1,0.0,0.6986301369863014
379,Leonardo Pavoletti,Cagliari,35,FW,32,2738,16,1,6,0,2.6,69.0,7.4,9,7.32,1.0,0.2,2.5,0.1,0.8,0.3,0.1,0,0.3,1.1,0.7,1.0,1.0,26.3,69.0,0.0,0.4,0.0,0.3287671232876712
380,Edin Dzeko,Roma,38,FW,33,2576,9,6,9,0,4.0,70.9,4.0,6,7.24,0.4,0.0,0.9,0.0,1.1,0.4,0.0,0,1.0,1.1,0.4,1.5,1.5,21.4,70.9,0.2,1.4,0.1,0.6712328767123288
381,Andrea Belotti,Torino,30,FW,37,3301,15,3,5,0,3.4,64.8,4.1,6,7.23,0.9,0.4,1.9,0.1,0.6,0.6,0.1,0,1.0,3.0,0.8,2.1,2.1,19.8,64.8,0.1,0.6,0.1,0.6301369863013698
382,Simone Zaza,Torino,32,FW,29,1424,4,3,8,1,1.9,67.2,1.9,0,6.48,0.7,0.1,1.6,0.0,0.3,0.2,0.0,0,0.1,0.9,0.5,1.0,1.0,9.4,67.2,0.0,0.2,0.0,0.6301369863013698
383,Krzysztof Piatek,Genoa,28,FW,19,1594,13,0,5,0,4.1,73.2,2.3,2,7.2,0.5,0.2,1.6,0.1,1.1,0.7,0.2,0,0.4,1.8,0.6,1.2,1.2,15.7,73.2,0.0,0.7,0.1,0.2876712328767123
384,Krzysztof Piatek,Genoa,28,FW,19,1594,13,0,5,0,4.1,73.2,2.3,2,7.2,0.5,0.2,1.6,0.1,1.1,0.7,0.2,0,0.4,1.8,0.6,1.2,1.2,13.6,77.0,0.1,0.3,0.0,0.2876712328767123
385,Krzysztof Piatek,Genoa,28,FW,19,1594,13,0,5,0,4.1,73.2,2.3,2,7.2,0.5,0.2,1.6,0.1,1.1,0.7,0.2,0,0.4,1.2,0.7,1.3,1.3,15.7,73.2,0.0,0.7,0.1,0.2876712328767123
386,Krzysztof Piatek,Genoa,28,FW,19,1594,13,0,5,0,4.1,73.2,2.3,2,7.2,0.5,0.2,1.6,0.1,1.1,0.7,0.2,0,0.4,1.2,0.7,1.3,1.3,13.6,77.0,0.1,0.3,0.0,0.2876712328767123
387,Krzysztof Piatek,Genoa,28,FW,19,1594,13,0,5,0,4.1,73.2,2.3,2,7.2,0.4,0.1,1.6,0.0,0.8,0.4,0.1,0,0.4,1.8,0.6,1.2,1.2,15.7,73.2,0.0,0.7,0.1,0.2876712328767123
388,Krzysztof Piatek,Genoa,28,FW,19,1594,13,0,5,0,4.1,73.2,2.3,2,7.2,0.4,0.1,1.6,0.0,0.8,0.4,0.1,0,0.4,1.8,0.6,1.2,1.2,13.6,77.0,0.1,0.3,0.0,0.2876712328767123
389,Krzysztof Piatek,Genoa,28,FW,19,1594,13,0,5,0,4.1,73.2,2.3,2,7.2,0.4,0.1,1.6,0.0,0.8,0.4,0.1,0,0.4,1.2,0.7,1.3,1.3,15.7,73.2,0.0,0.7,0.1,0.2876712328767123
390,Krzysztof Piatek,Genoa,28,FW,19,1594,13,0,5,0,4.1,73.2,2.3,2,7.2,0.4,0.1,1.6,0.0,0.8,0.4,0.1,0,0.4,1.2,0.7,1.3,1.3,13.6,77.0,0.1,0.3,0.0,0.2876712328767123
391,Ciro Immobile,Lazio,34,FW,36,2858,15,6,6,0,3.4,77.4,0.5,3,6.96,0.3,0.0,0.7,0.0,0.2,0.1,0.0,0,0.9,1.1,1.1,1.0,1.0,25.3,77.4,0.1,0.6,0.1,0.5753424657534246
392,Felipe Caicedo,Lazio,35,FW,28,1378,8,2,4,0,1.5,75.6,0.9,1,6.68,0.6,0.2,1.0,0.0,0.2,0.3,0.1,0,0.6,0.9,0.3,0.8,0.8,12.6,75.6,0.0,0.2,0.1,0.5753424657534246
393,Federico Santander,Bologna,32,FW,32,2063,8,3,5,0,2.4,60.8,5.1,5,6.92,0.6,0.3,1.6,0.0,0.9,0.7,0.1,0,0.1,1.2,0.5,0.8,0.8,16.7,60.8,0.1,0.2,0.0,0.3698630136986301
394,Fabio Quagliarella,Sampdoria,41,FW,37,3211,26,8,1,0,3.8,69.1,0.7,6,7.11,0.4,0.2,0.9,0.0,0.5,0.4,0.0,0,0.5,1.6,1.0,1.4,1.4,23.1,69.1,0.2,0.6,0.0,0.4931506849315068
395,Mauro Icardi,Inter,31,FW,29,2270,11,4,0,0,2.5,71.1,1.6,2,6.84,0.3,0.1,0.7,0.0,0.7,0.2,0.0,0,0.3,0.6,0.7,0.7,0.7,14.1,71.1,0.2,0.4,0.0,0.7123287671232876
396,Lautaro Martínez,Inter,26,FW,27,1337,6,2,4,0,2.4,70.8,1.3,0,6.64,0.2,0.1,1.0,0.0,0.3,0.1,0.0,0,0.5,1.6,0.1,1.1,1.1,8.9,70.8,0.1,0.4,0.1,0.7123287671232876
397,Andrea Petagna,SPAL 2013,28,FW,36,3043,16,1,8,0,2.5,79.6,1.1,1,6.81,0.4,0.1,1.2,0.0,0.4,0.2,0.2,0,0.8,1.3,0.2,2.4,2.4,20.2,79.6,0.3,1.3,0.0,0.3424657534246575
398,Sergio Floccari,SPAL 2013,42,FW,20,975,3,1,3,0,1.2,79.1,1.2,1,6.49,0.7,0.1,0.7,0.0,0.2,0.3,0.1,0,0.4,1.0,0.2,1.1,1.1,11.5,79.1,0.1,0.3,0.0,0.3424657534246575
399,Alberto Paloschi,SPAL 2013,34,FW,23,852,2,0,3,0,0.4,76.1,0.3,0,6.15,0.6,0.0,0.7,0.0,0.0,0.0,0.0,0,0.0,0.4,0.3,0.7,0.7,6.9,76.1,0.0,0.0,0.0,0.3424657534246575
400,Roberto Inglese,Parma Calcio 1913,32,FW,25,1968,9,1,3,0,1.9,67.5,2.4,1,6.78,0.8,0.3,2.2,0.0,1.1,0.5,0.1,0,0.8,1.3,1.2,2.2,2.2,15.3,67.5,0.1,0.2,0.0,0.3287671232876712
401,Fabio Ceravolo,Parma Calcio 1913,37,FW,25,1183,2,0,1,0,0.8,72.7,0.9,0,6.18,0.2,0.1,0.9,0.0,0.8,0.4,0.0,0,0.6,0.8,1.2,1.3,1.3,10.4,72.7,0.0,0.1,0.0,0.3287671232876712
402,Alessandro Matri,Sassuolo,39,FW,19,596,2,0,3,0,0.8,76.7,0.4,0,6.23,0.1,0.2,0.3,0.1,0.4,0.2,0.1,0,0.2,0.3,0.5,0.7,0.7,7.9,76.7,0.0,0.1,0.0,0.3561643835616438
403,Francesco Caputo,Empoli,36,FW,38,3420,16,3,3,0,2.5,77.2,0.7,1,6.71,0.3,0.1,0.7,0.0,0.3,0.2,0.0,0,0.3,0.9,0.8,1.3,1.3,22.4,77.2,0.0,0.6,0.0,0.2876712328767123
404,Antonino La Gumina,Empoli,28,FW,22,1091,2,2,1,0,1.2,78.9,0.8,2,6.43,0.2,0.3,0.8,0.0,0.2,0.2,0.1,0,0.8,1.0,0.9,0.7,0.7,6.5,78.9,0.0,0.0,0.0,0.2876712328767123
405,Riccardo Meggiorini,Chievo,38,FW,24,1550,3,1,6,0,1.4,64.7,4.0,1,6.65,0.8,0.3,1.4,0.0,1.1,0.4,0.1,0,0.3,2.3,0.5,0.9,0.9,17.0,64.7,0.1,0.3,0.0,0.0
406,Sergio Pellissier,Chievo,45,FW,19,954,4,1,1,0,1.4,74.6,1.4,0,6.41,0.2,0.1,0.5,0.0,0.3,0.1,0.1,0,0.3,1.3,0.7,0.9,0.9,9.7,74.6,0.1,0.3,0.0,0.0
407,Mariusz Stepinski,Chievo,28,FW,35,2476,6,2,5,0,1.7,75.3,1.5,0,6.35,0.5,0.1,1.7,0.0,0.6,0.5,0.1,0,0.3,1.6,0.7,1.8,1.8,15.5,75.3,0.1,0.2,0.0,0.0
408,Andrea Pinamonti,Frosinone,24,FW,27,1622,5,3,2,0,2.2,72.8,2.3,1,6.57,0.5,0.2,1.1,0.0,0.6,0.6,0.1,0,0.6,1.1,0.3,1.1,1.1,14.7,72.8,0.1,0.4,0.0,0.1095890410958904
409,Daniel Ciofani,Frosinone,38,FW,32,1631,5,2,1,0,1.7,66.8,3.3,0,6.5,0.3,0.1,0.8,0.0,0.3,0.1,0.0,0,0.1,0.6,0.2,0.5,0.5,10.6,66.8,0.0,0.2,0.0,0.1095890410958904
410,Gonzalo Higuaín,Juventus,36,FW,32,1868,8,4,2,0,2.3,82.4,0.3,1,6.84,0.4,0.2,0.6,0.0,0.4,0.8,0.0,0,0.7,0.5,0.4,0.6,0.6,19.7,82.4,0.1,1.3,0.1,1.0
411,Duván Zapata,Atalanta,33,FW,28,2038,18,6,1,0,3.2,79.6,1.9,4,7.41,0.3,0.1,1.3,0.0,0.3,0.2,0.3,0,0.8,1.6,0.4,2.2,2.2,19.6,79.6,0.3,0.4,0.0,0.9206349206349206
412,Ciro Immobile,Lazio,34,FW,37,3176,36,9,8,0,3.8,77.0,0.6,10,7.57,0.2,0.3,1.0,0.0,0.2,0.6,0.1,0,0.6,1.0,0.6,0.8,0.8,23.9,77.0,0.0,0.9,0.1,0.9206349206349206
413,Felipe Caicedo,Lazio,35,FW,30,1413,9,2,7,0,1.0,77.2,1.0,0,6.68,0.6,0.1,0.9,0.0,0.1,0.3,0.0,0,0.4,0.7,0.3,0.7,0.7,13.5,77.2,0.0,0.2,0.0,0.9206349206349206
414,Zlatan Ibrahimovic,AC Milan,42,FW,18,1365,10,5,1,0,3.7,70.9,4.4,4,7.51,0.3,0.3,1.7,0.0,1.2,0.7,0.2,0,0.7,0.9,1.1,0.9,0.9,32.8,70.9,0.2,1.1,0.1,0.7301587301587301
415,Krzysztof Piatek,AC Milan,28,FW,18,1190,4,0,1,0,2.7,77.0,2.1,1,6.5,0.5,0.2,1.3,0.0,0.6,0.4,0.1,0,0.3,1.5,0.3,1.4,1.4,12.3,77.0,0.1,0.2,0.0,0.7301587301587301
416,Edin Dzeko,Roma,38,FW,35,2884,16,7,4,0,3.5,69.9,3.7,5,7.48,0.5,0.2,1.1,0.0,0.9,0.3,0.1,0,1.0,1.4,0.5,1.1,1.1,22.0,69.9,0.1,1.5,0.1,0.7936507936507936
417,Francesco Caputo,Sassuolo,36,FW,36,2937,21,7,3,0,2.0,79.3,0.5,5,7.08,0.2,0.0,0.7,0.0,0.2,0.2,0.0,0,0.6,1.3,0.6,1.2,1.2,21.7,79.3,0.1,0.4,0.1,0.49206349206349204
418,Lautaro Martínez,Inter,26,FW,35,2467,14,3,8,1,3.6,63.0,1.0,2,6.99,0.6,0.4,1.5,0.0,0.3,0.9,0.1,0,1.1,2.1,0.6,1.3,1.3,13.7,63.0,0.0,0.6,0.0,0.9841269841269841
419,Federico Santander,Bologna,32,FW,24,756,1,0,6,0,1.0,66.8,2.4,0,6.33,0.5,0.3,1.0,0.0,0.5,0.1,0.0,0,0.2,0.8,0.3,0.4,0.4,10.9,66.8,0.0,0.2,0.0,0.42857142857142855
420,Stefano Okaka,Udinese,34,FW,33,2423,8,2,10,0,1.7,76.7,2.3,1,6.72,0.6,0.2,2.1,0.0,0.8,0.6,0.1,0,1.3,2.0,0.6,2.1,2.1,18.1,76.7,0.0,0.5,0.1,0.3968253968253968
421,Ilija Nestorovski,Udinese,34,FW,28,1249,3,1,4,0,1.3,73.1,1.0,0,6.37,0.4,0.1,1.3,0.0,0.4,0.5,0.1,0,0.2,1.0,0.3,0.5,0.5,13.4,73.1,0.0,0.5,0.0,0.3968253968253968
422,Andrea Belotti,Torino,30,FW,36,3011,16,3,4,0,2.9,68.8,3.2,6,7.12,0.8,0.1,1.8,0.0,0.5,0.7,0.1,1,1.3,2.9,0.6,1.7,1.7,19.7,68.8,0.2,0.6,0.0,0.31746031746031744
423,Simone Zaza,Torino,32,FW,24,1639,6,1,7,0,2.0,65.0,2.8,1,6.66,0.6,0.4,2.4,0.0,0.5,0.3,0.0,0,0.4,1.4,0.4,1.1,1.1,13.1,65.0,0.0,0.5,0.0,0.31746031746031744
424,Andreas Cornelius,Parma Calcio 1913,31,FW,26,1492,12,3,1,0,1.8,66.7,4.0,4,7.03,0.3,0.1,1.6,0.0,1.0,0.3,0.0,0,0.5,1.2,0.1,1.4,1.4,15.7,66.7,0.1,0.4,0.0,0.4603174603174603
425,Gianluca Lapadula,Lecce,34,FW,25,1787,11,0,8,1,2.4,76.3,2.2,2,6.83,0.6,0.0,1.7,0.0,0.6,0.4,0.0,0,0.7,2.3,1.0,1.4,1.4,12.6,76.3,0.0,0.3,0.0,0.23809523809523808
426,Patrick Cutrone,Fiorentina,26,FW,19,842,4,1,1,0,1.1,72.0,0.7,0,6.48,0.2,0.1,0.4,0.0,0.3,0.7,0.1,0,0.3,0.5,0.6,0.5,0.5,8.5,72.0,0.1,0.1,0.1,0.4603174603174603
427,Dusan Vlahovic,Fiorentina,24,FW,30,1494,6,0,4,1,2.2,67.3,1.4,0,6.45,0.2,0.2,0.6,0.0,0.2,0.3,0.1,0,0.9,1.6,0.3,1.5,1.5,10.3,67.3,0.0,0.2,0.0,0.4603174603174603
428,Samuel Di Carmine,Verona,35,FW,22,1303,8,0,3,0,1.5,70.3,1.4,1,6.52,0.1,0.0,1.5,0.0,0.4,0.4,0.0,0,0.1,1.2,0.8,0.6,0.6,10.7,70.3,0.0,0.0,0.0,0.4603174603174603
429,Mariusz Stepinski,Verona,28,FW,21,698,3,1,3,1,0.8,66.0,0.8,0,6.13,0.2,0.0,1.1,0.0,0.3,0.0,0.0,0,0.1,1.0,0.4,0.9,0.9,7.7,66.0,0.0,0.0,0.0,0.4603174603174603
430,Ernesto Torregrossa,Brescia,31,FW,25,1852,7,3,8,0,2.5,65.4,2.6,1,6.77,0.7,0.2,2.0,0.0,0.9,0.6,0.1,0,1.2,3.3,0.6,1.7,1.7,19.0,65.4,0.0,0.9,0.1,0.07936507936507936
431,Mario Balotelli,Brescia,33,FW,19,1409,5,0,6,1,3.8,66.0,1.9,1,6.71,0.1,0.4,1.7,0.1,1.2,0.1,0.1,0,0.5,2.7,0.4,0.5,0.5,18.3,66.0,0.1,1.6,0.0,0.07936507936507936
432,Alfredo Donnarumma,Brescia,33,FW,31,1687,7,2,1,0,1.4,68.6,0.5,0,6.38,0.5,0.2,0.6,0.0,0.0,0.4,0.0,0,0.4,1.1,0.4,0.9,0.9,13.7,68.6,0.1,0.3,0.0,0.07936507936507936
433,Florian Ayé,Brescia,27,FW,22,1382,0,0,2,1,1.0,67.6,2.0,0,6.32,0.8,0.2,0.9,0.0,0.8,0.3,0.1,0,0.6,1.0,0.2,1.2,1.2,13.6,67.6,0.1,0.2,0.0,0.07936507936507936
434,Fabio Quagliarella,Sampdoria,41,FW,28,2284,11,3,2,0,3.6,67.2,1.2,2,6.83,0.3,0.3,0.7,0.0,0.5,1.0,0.0,0,0.5,1.1,0.8,0.9,0.9,18.5,67.2,0.2,0.8,0.1,0.3492063492063492
435,Andrea Petagna,SPAL 2013,28,FW,36,3034,12,1,5,0,3.1,75.6,2.3,2,6.78,0.3,0.0,1.5,0.0,0.8,0.4,0.1,0,1.5,2.0,0.4,2.1,2.1,23.5,75.6,0.1,1.4,0.1,0.0
436,Sergio Floccari,SPAL 2013,42,FW,24,932,1,0,3,0,0.8,81.7,1.3,0,6.25,0.3,0.2,0.9,0.0,0.0,0.5,0.0,0,0.7,0.8,0.4,0.9,0.9,10.0,81.7,0.2,0.1,0.0,0.0
437,Antonio Sanabria,Genoa,28,FW,24,1392,6,2,3,0,1.7,76.9,1.5,2,6.72,0.6,0.2,1.0,0.0,0.5,0.5,0.0,0,0.9,1.1,0.2,0.7,0.7,14.8,76.9,0.0,0.7,0.0,0.30158730158730157
438,Andrea Pinamonti,Genoa,24,FW,32,2242,5,1,1,0,1.6,71.5,2.1,0,6.56,0.6,0.3,1.2,0.0,0.8,0.6,0.1,0,0.6,1.6,0.5,1.6,1.6,18.0,71.5,0.1,0.4,0.0,0.30158730158730157
439,Andrea Favilli,Genoa,26,FW,20,653,0,0,4,0,0.7,69.6,1.6,0,6.25,0.4,0.0,1.4,0.0,0.4,0.4,0.1,0,0.5,0.9,0.2,0.7,0.7,9.6,69.6,0.0,0.3,0.0,0.30158730158730157
440,Zlatan Ibrahimovic,AC Milan,42,FW,19,1498,15,2,2,1,4.3,72.0,4.5,8,7.57,0.3,0.3,1.7,0.1,1.4,0.2,0.2,0,0.6,1.3,2.1,0.6,0.6,27.5,72.0,0.1,0.6,0.1,0.8309859154929577
441,Victor Osimhen,Napoli,25,FW,24,1576,10,3,4,0,2.8,71.5,1.9,2,7.09,0.9,0.3,1.4,0.0,0.4,0.5,0.0,0,0.5,1.5,0.8,0.7,0.7,9.8,71.5,0.1,0.2,0.0,0.8028169014084507
442,Andrea Petagna,Napoli,28,FW,26,956,4,3,0,0,0.9,80.4,1.1,0,6.55,0.1,0.0,0.7,0.0,0.3,0.2,0.0,0,0.3,0.7,0.3,0.5,0.5,8.8,80.4,0.0,0.3,0.0,0.8028169014084507
443,Lautaro Martínez,Inter,26,FW,38,2576,17,6,5,0,2.9,68.4,0.7,5,7.17,0.7,0.7,1.7,0.0,0.3,0.4,0.0,0,0.9,1.6,0.3,0.9,0.9,14.5,68.4,0.1,0.6,0.0,1.0
444,Francesco Caputo,Sassuolo,36,FW,25,1702,11,5,1,0,1.7,77.7,0.4,1,6.77,0.0,0.0,0.6,0.0,0.1,0.1,0.0,0,0.2,1.3,0.8,0.5,0.5,16.3,77.7,0.0,0.2,0.0,0.5915492957746479
445,Stefano Okaka,Udinese,34,FW,22,1493,4,1,2,0,1.1,79.3,2.0,0,6.56,0.5,0.1,1.7,0.0,0.9,0.4,0.0,0,0.8,1.6,0.6,1.0,1.0,13.6,79.3,0.0,0.1,0.0,0.28169014084507044
446,Ilija Nestorovski,Udinese,34,FW,22,690,2,1,1,0,1.1,71.3,0.6,1,6.32,0.3,0.0,0.7,0.0,0.3,0.5,0.0,0,0.1,0.7,0.2,0.4,0.4,8.1,71.3,0.1,0.2,0.0,0.28169014084507044
447,Edin Dzeko,Roma,38,FW,27,1828,7,3,2,0,2.6,68.8,3.1,3,6.91,0.3,0.0,0.9,0.0,0.4,0.2,0.1,0,1.0,1.4,0.4,1.1,1.1,18.0,68.8,0.1,0.7,0.0,0.5915492957746479
448,Ciro Immobile,Lazio,34,FW,35,2866,20,6,3,1,3.4,74.0,0.8,6,7.15,0.4,0.2,1.1,0.0,0.2,0.4,0.0,0,0.8,1.3,0.9,1.0,1.0,24.7,74.0,0.1,0.6,0.1,0.676056338028169
449,Felipe Caicedo,Lazio,35,FW,25,922,8,0,5,0,1.2,71.3,1.1,0,6.55,0.4,0.2,1.0,0.0,0.1,0.3,0.0,0,0.4,0.7,0.3,0.2,0.2,10.3,71.3,0.0,0.2,0.0,0.676056338028169
450,Vedat Muriqi,Lazio,30,FW,27,818,1,0,1,0,1.1,69.0,2.1,0,6.26,0.1,0.1,0.5,0.0,0.7,0.3,0.1,0,0.1,0.7,0.6,0.6,0.6,9.2,69.0,0.0,0.2,0.0,0.676056338028169
451,Duván Zapata,Atalanta,33,FW,37,2400,15,9,0,0,2.7,79.5,1.3,1,7.05,0.3,0.2,0.8,0.0,0.5,0.2,0.1,0,0.9,1.3,0.6,1.8,1.8,20.6,79.5,0.2,0.3,0.0,0.8169014084507042
452,Andrea Belotti,Torino,30,FW,35,2895,13,6,4,0,3.1,69.5,2.4,3,7.23,0.9,0.3,1.7,0.0,0.5,0.7,0.1,0,1.3,3.9,0.6,1.2,1.2,19.6,69.5,0.1,0.7,0.2,0.23943661971830985
453,Simone Zaza,Torino,32,FW,29,1485,6,0,4,0,2.0,72.8,1.6,0,6.41,0.5,0.1,1.2,0.0,0.2,0.5,0.0,0,0.2,1.1,0.5,0.7,0.7,10.8,72.8,0.1,0.3,0.0,0.23943661971830985
454,Simy,Crotone,31,FW,38,2945,20,2,1,0,1.7,77.1,1.7,1,6.73,0.2,0.2,1.3,0.0,1.3,0.5,0.1,0,0.9,1.2,0.6,1.9,1.9,18.2,77.1,0.0,0.3,0.0,0.04225352112676056
455,Emmanuel Rivière,Crotone,34,FW,21,632,1,1,2,0,0.6,73.5,0.7,0,6.21,0.1,0.0,0.5,0.0,0.0,0.1,0.0,0,0.2,0.9,0.0,0.4,0.4,7.0,73.5,0.0,0.1,0.0,0.04225352112676056
456,Leonardo Pavoletti,Cagliari,35,FW,33,1581,4,3,8,0,1.3,69.2,3.5,0,6.54,0.2,0.1,1.3,0.0,0.9,0.6,0.1,0,0.1,0.9,0.3,0.4,0.4,12.3,69.2,0.0,0.2,0.0,0.23943661971830985
457,Alberto Cerri,Cagliari,28,FW,24,359,1,0,1,0,0.7,61.5,1.4,0,6.22,0.1,0.1,0.8,0.0,0.3,0.2,0.1,0,0.3,0.6,0.0,0.5,0.5,6.0,61.5,0.0,0.2,0.0,0.23943661971830985
458,Gianluca Scamacca,Genoa,25,FW,26,1349,8,2,1,0,1.8,66.1,1.6,3,6.7,0.7,0.3,1.2,0.0,0.5,0.5,0.2,1,0.6,0.7,0.4,1.0,1.0,13.0,66.1,0.1,0.8,0.0,0.30985915492957744
459,Mattia Destro,Genoa,33,FW,29,1617,11,1,5,0,1.3,69.1,1.2,4,6.68,0.2,0.1,1.3,0.0,0.3,0.2,0.0,0,0.8,1.3,0.8,0.7,0.7,9.3,69.1,0.0,0.2,0.0,0.30985915492957744
460,Andreas Cornelius,Parma Calcio 1913,31,FW,29,1903,1,4,4,0,1.0,68.2,5.2,1,6.64,0.4,0.0,1.2,0.0,0.9,0.3,0.1,0,0.4,1.7,0.5,1.2,1.2,20.0,68.2,0.0,0.5,0.1,0.0
461,Nikola Kalinic,Verona,36,FW,19,1074,2,0,2,0,1.3,69.5,0.9,0,6.29,0.3,0.1,1.4,0.0,0.4,0.2,0.0,0,0.3,1.8,0.5,0.7,0.7,11.9,69.5,0.0,0.2,0.0,0.352112676056338
462,Fabio Quagliarella,Sampdoria,41,FW,33,2215,13,1,1,0,2.5,71.1,1.1,1,6.71,0.4,0.2,0.8,0.0,0.3,0.5,0.0,0,0.5,1.1,0.5,1.0,1.0,15.2,71.1,0.1,0.6,0.0,0.4507042253521127
463,Dusan Vlahovic,Fiorentina,24,FW,37,2933,21,3,1,0,2.3,66.3,3.1,5,6.9,0.4,0.1,1.4,0.0,0.4,0.3,0.1,0,0.7,1.9,0.7,2.4,2.4,16.1,66.3,0.0,0.4,0.0,0.28169014084507044
464,M'Bala Nzola,Spezia,27,FW,25,1898,11,3,5,0,1.8,84.3,1.6,2,6.79,0.5,0.1,2.2,0.0,0.8,0.1,0.0,0,1.1,1.1,1.0,1.6,1.6,18.4,84.3,0.0,0.7,0.0,0.2676056338028169
465,Roberto Piccoli,Spezia,23,FW,20,701,5,0,0,0,0.8,67.7,0.9,0,6.34,0.4,0.1,0.8,0.0,0.3,0.1,0.0,0,0.3,0.7,0.2,0.6,0.6,6.7,67.7,0.0,0.0,0.0,0.2676056338028169
466,Gianluca Lapadula,Benevento,34,FW,37,2576,8,2,2,0,2.1,70.0,0.9,1,6.57,0.6,0.1,1.3,0.0,0.4,0.5,0.1,0,0.4,1.8,0.9,1.0,1.0,12.3,70.0,0.0,0.3,0.0,0.18309859154929578
467,Gianluca Scamacca,Sassuolo,25,FW,36,2155,16,0,7,0,2.2,74.0,1.4,2,6.82,0.5,0.1,1.4,0.0,0.6,0.4,0.0,0,0.6,0.6,0.3,1.4,1.4,14.9,74.0,0.0,0.5,0.0,0.3898305084745763
468,Olivier Giroud,AC Milan,37,FW,29,1905,11,3,4,0,2.2,67.6,3.2,4,6.99,0.5,0.1,1.1,0.0,0.7,0.5,0.1,0,0.1,0.8,0.4,0.4,0.4,16.3,67.6,0.0,0.2,0.0,1.0
469,Zlatan Ibrahimovic,AC Milan,42,FW,23,1009,8,3,2,0,2.2,72.5,1.9,2,6.82,0.0,0.1,0.7,0.0,0.4,0.1,0.0,1,0.2,0.4,0.8,0.4,0.4,18.0,72.5,0.1,0.2,0.0,1.0
470,Ciro Immobile,Lazio,34,FW,31,2718,27,2,4,0,3.8,78.0,0.7,2,7.31,0.3,0.1,1.2,0.0,0.5,0.5,0.0,0,0.6,1.3,0.4,1.4,1.4,27.9,78.0,0.1,0.6,0.1,0.6271186440677966
471,Tammy Abraham,Roma,26,FW,37,3099,17,4,9,0,2.6,71.0,2.1,4,7.17,0.7,0.1,1.0,0.0,0.7,0.4,0.1,0,1.0,1.3,0.5,1.1,1.1,18.3,71.0,0.1,0.4,0.1,0.6101694915254238
472,Dusan Vlahovic,Fiorentina,24,FW,21,1862,17,2,2,0,3.6,70.6,2.0,5,7.33,0.2,0.0,0.9,0.0,0.7,0.4,0.1,0,1.0,2.3,0.9,2.0,2.0,18.0,70.6,0.2,1.0,0.1,0.5932203389830508
473,Duván Zapata,Atalanta,33,FW,24,1732,10,4,3,0,3.4,76.7,1.9,2,7.06,0.3,0.1,1.2,0.0,0.2,0.2,0.0,0,1.2,1.1,0.4,1.8,1.8,21.5,76.7,0.3,0.4,0.1,0.5423728813559322
474,Lautaro Martínez,Inter,26,FW,35,2302,21,3,6,0,3.4,74.7,0.8,4,7.18,0.6,0.5,1.1,0.0,0.2,0.1,0.0,0,0.6,1.3,0.3,0.7,0.7,14.0,74.7,0.1,0.4,0.0,0.9661016949152542
475,Edin Dzeko,Inter,38,FW,36,2476,13,5,2,0,2.4,72.7,2.3,0,7.07,0.4,0.1,0.8,0.0,1.0,0.5,0.1,0,0.5,1.1,0.1,0.9,0.9,21.3,72.7,0.3,1.2,0.1,0.9661016949152542
476,Victor Osimhen,Napoli,25,FW,27,1993,14,2,5,1,3.4,70.5,1.9,4,7.22,0.4,0.1,1.4,0.0,0.6,0.1,0.1,0,1.1,1.4,0.7,1.2,1.2,12.0,70.5,0.0,0.3,0.0,0.8813559322033898
477,Andrea Petagna,Napoli,28,FW,24,574,3,1,1,0,0.5,71.1,0.8,1,6.34,0.1,0.0,0.6,0.0,0.2,0.1,0.0,0,0.4,0.6,0.1,0.6,0.6,6.6,71.1,0.0,0.1,0.0,0.8813559322033898
478,Andrea Belotti,Torino,30,FW,22,1378,8,1,1,0,2.6,70.7,2.5,2,6.71,0.3,0.1,1.2,0.0,0.4,0.4,0.2,0,0.7,2.3,0.7,1.3,1.3,16.0,70.7,0.1,0.2,0.0,0.3898305084745763
479,Antonio Sanabria,Torino,28,FW,29,1814,6,2,3,0,1.7,72.5,2.7,1,6.65,0.1,0.1,0.9,0.0,0.3,0.1,0.1,0,0.4,1.2,0.7,1.3,1.3,16.4,72.5,0.0,0.5,0.0,0.3898305084745763
480,Beto,Udinese,26,FW,28,2175,11,0,1,0,2.3,68.7,2.6,1,6.84,0.8,0.2,1.9,0.0,0.9,0.4,0.0,0,1.4,0.9,0.5,1.9,1.9,12.7,68.7,0.0,0.3,0.0,0.3389830508474576
481,Milan Djuric,Salernitana,33,FW,33,2173,5,3,6,0,1.5,60.2,7.4,3,6.97,0.0,0.1,0.7,0.0,1.0,0.1,0.0,0,0.2,1.4,0.2,0.6,0.6,20.4,60.2,0.0,0.0,0.0,0.06779661016949153
482,Simy,Salernitana,31,FW,19,842,1,1,0,0,1.1,72.7,1.0,1,6.2,0.3,0.2,0.6,0.0,0.5,0.3,0.2,0,0.4,0.7,0.5,1.2,1.2,9.6,72.7,0.0,0.2,0.0,0.06779661016949153
483,Francesco Caputo,Sampdoria,36,FW,36,2799,11,4,0,0,1.5,76.3,0.7,1,6.68,0.1,0.1,0.6,0.0,0.3,0.1,0.0,0,0.4,1.1,1.0,0.4,0.4,16.0,76.3,0.1,0.3,0.0,0.15254237288135594
484,Fabio Quagliarella,Sampdoria,41,FW,33,1661,4,3,2,0,1.8,70.9,0.5,1,6.34,0.2,0.1,0.6,0.0,0.3,0.4,0.0,0,0.3,0.8,0.5,0.8,0.8,13.3,70.9,0.2,0.9,0.0,0.15254237288135594
485,Andrea Pinamonti,Empoli,24,FW,36,2871,13,2,4,0,2.5,62.2,2.1,2,6.74,0.3,0.2,0.9,0.0,0.6,0.4,0.1,0,0.5,1.6,0.5,1.3,1.3,16.7,62.2,0.1,0.2,0.0,0.23728813559322035
486,Andrea La Mantia,Empoli,32,FW,18,478,2,1,0,0,0.9,60.6,1.5,0,6.34,0.1,0.1,0.3,0.0,0.3,0.1,0.1,0,0.0,0.3,0.2,0.4,0.4,5.8,60.6,0.0,0.1,0.0,0.23728813559322035
487,Patrick Cutrone,Empoli,26,FW,28,1402,3,0,1,0,1.8,70.4,0.3,0,6.27,0.2,0.2,0.5,0.0,0.0,0.3,0.0,0,0.3,0.6,0.7,0.6,0.6,8.0,70.4,0.1,0.3,0.0,0.23728813559322035
488,Rey Manaj,Spezia,27,FW,30,1768,5,0,9,0,1.8,74.3,2.3,0,6.47,0.6,0.1,1.8,0.0,0.4,0.7,0.0,0,0.7,2.1,0.4,2.0,2.0,14.7,74.3,0.1,0.1,0.0,0.15254237288135594
489,M'Bala Nzola,Spezia,27,FW,21,1061,2,1,2,0,1.0,79.8,1.3,0,6.32,0.1,0.0,1.4,0.0,0.6,0.2,0.0,0,0.8,0.3,0.7,1.0,1.0,11.3,79.8,0.0,0.4,0.0,0.15254237288135594
490,Janis Antiste,Spezia,21,FW,18,796,1,0,0,0,0.6,65.3,0.9,0,6.24,1.0,0.2,0.8,0.1,0.3,0.4,0.1,0,0.4,0.3,0.3,0.4,0.4,10.9,65.3,0.2,0.2,0.1,0.15254237288135594
491,Leonardo Pavoletti,Cagliari,35,FW,33,1508,5,1,9,0,1.1,64.8,3.8,1,6.48,0.3,0.1,1.4,0.0,0.4,0.2,0.2,0,0.2,0.9,0.1,0.4,0.4,14.6,64.8,0.0,0.2,0.0,0.05084745762711865
492,Mattia Destro,Genoa,33,FW,27,1754,9,1,4,0,2.0,58.1,2.3,2,6.53,0.3,0.1,1.5,0.0,0.6,0.2,0.0,0,0.4,1.1,0.7,0.9,0.9,12.4,58.1,0.0,0.2,0.0,0.01694915254237288
493,Thomas Henry,Venezia,29,FW,33,2122,9,3,4,1,1.5,61.9,2.8,1,6.57,0.3,0.1,1.5,0.0,0.8,0.2,0.2,2,0.4,2.1,0.4,1.1,1.1,12.7,61.9,0.0,0.4,0.1,0.0
494,Victor Osimhen,Napoli,25,FW,32,2583,26,4,4,0,4.2,71.0,2.1,5,7.45,0.3,0.2,1.3,0.0,0.9,0.2,0.0,0,0.8,1.2,1.0,1.5,1.5,11.6,71.0,0.1,0.3,0.0,1.0
495,Ciro Immobile,Lazio,34,FW,31,2228,12,5,3,0,2.5,75.9,0.5,4,6.87,0.4,0.0,0.7,0.0,0.4,0.1,0.1,0,0.6,0.8,0.7,0.7,0.7,19.7,75.9,0.0,0.4,0.1,0.7746478873239436
496,Tammy Abraham,Roma,26,FW,38,2199,8,3,2,0,1.6,68.3,2.1,2,6.75,0.4,0.1,0.9,0.0,0.4,0.3,0.1,0,0.6,1.3,0.3,0.8,0.8,13.1,68.3,0.1,0.4,0.1,0.6197183098591549
497,Andrea Belotti,Roma,30,FW,31,1135,0,2,0,0,0.6,68.2,1.2,0,6.25,0.4,0.1,0.7,0.0,0.2,0.2,0.0,0,0.2,1.2,0.2,0.5,0.5,7.9,68.2,0.0,0.1,0.0,0.6197183098591549
498,Olivier Giroud,AC Milan,37,FW,33,2148,13,5,6,1,2.4,63.3,3.1,1,6.88,0.2,0.1,1.2,0.0,0.7,0.2,0.1,0,0.2,0.7,0.5,0.5,0.5,16.8,63.3,0.0,0.2,0.0,0.7183098591549296
499,Lautaro Martínez,Inter,26,FW,38,2577,21,6,3,0,3.3,75.6,1.1,8,7.18,0.7,0.3,1.2,0.0,0.4,0.4,0.0,0,0.8,1.7,0.3,1.3,1.3,17.3,75.6,0.0,0.6,0.1,0.7464788732394366
500,Edin Dzeko,Inter,38,FW,33,1729,9,3,3,0,2.2,72.0,1.2,3,6.75,0.1,0.1,0.8,0.0,0.8,0.1,0.0,0,0.3,0.7,0.3,0.5,0.5,15.2,72.0,0.1,0.6,0.1,0.7464788732394366
501,Andrea Pinamonti,Sassuolo,24,FW,32,2174,5,0,3,1,2.1,66.9,1.1,0,6.38,0.3,0.1,0.7,0.0,0.3,0.1,0.1,0,0.3,1.0,0.3,1.8,1.8,15.0,66.9,0.1,0.2,0.0,0.36619718309859156
502,Emil Ceïde,Sassuolo,22,FW,19,505,0,1,0,0,0.5,74.4,0.1,0,6.2,0.3,0.1,0.2,0.0,0.0,0.1,0.1,0,0.4,0.4,0.1,0.4,0.4,8.4,74.4,0.1,0.1,0.1,0.36619718309859156
503,Agustín Álvarez,Sassuolo,22,FW,22,351,1,1,1,0,0.6,83.8,0.4,0,6.18,0.3,0.1,0.4,0.0,0.1,0.1,0.0,0,0.3,0.2,0.1,0.5,0.5,3.6,83.8,0.0,0.2,0.0,0.36619718309859156
504,Dusan Vlahovic,Juventus,24,FW,27,1932,10,2,1,0,2.5,72.1,1.3,3,6.75,0.4,0.1,0.7,0.0,0.3,0.2,0.1,0,0.5,1.0,0.8,1.4,1.4,13.8,72.1,0.1,0.7,0.0,0.6056338028169014
505,Rasmus Højlund,Atalanta,21,FW,32,1836,9,2,1,0,1.7,74.3,1.0,3,6.67,0.1,0.0,0.7,0.0,0.2,0.2,0.0,0,0.9,1.0,0.2,1.8,1.8,13.3,74.3,0.1,0.3,0.0,0.6338028169014085
506,Duván Zapata,Atalanta,33,FW,25,1393,2,2,1,0,1.6,72.3,1.7,0,6.51,0.3,0.2,0.7,0.0,0.6,0.1,0.1,0,0.8,1.5,0.3,1.8,1.8,14.9,72.3,0.2,0.4,0.0,0.6338028169014085
507,Arthur Cabral,Fiorentina,26,FW,28,1433,8,1,4,0,1.9,69.1,1.8,1,6.61,0.3,0.0,0.9,0.0,0.4,0.1,0.0,0,0.5,0.6,0.1,0.9,0.9,9.4,69.1,0.0,0.2,0.0,0.5211267605633803
508,Luka Jovic,Fiorentina,26,FW,31,1529,6,3,3,0,1.8,77.5,0.9,2,6.53,0.2,0.1,0.7,0.0,0.3,0.2,0.1,0,0.5,0.3,0.4,0.5,0.5,9.5,77.5,0.0,0.5,0.0,0.5211267605633803
509,Andrea Petagna,Monza,28,FW,31,1671,4,5,2,0,1.2,74.3,1.3,1,6.51,0.2,0.1,0.9,0.0,0.6,0.1,0.1,0,0.6,1.0,0.3,1.4,1.4,13.7,74.3,0.0,0.5,0.1,0.4647887323943662
510,Christian Gytkjær,Monza,33,FW,22,539,1,0,0,0,0.6,69.0,0.5,0,6.07,0.3,0.0,0.5,0.0,0.1,0.1,0.0,0,0.1,0.3,0.5,0.2,0.2,4.5,69.0,0.0,0.1,0.0,0.4647887323943662
511,Joshua Zirkzee,Bologna,22,FW,19,809,2,2,2,0,1.5,77.9,0.6,0,6.44,0.2,0.2,0.4,0.0,0.2,0.3,0.1,0,0.8,0.5,0.1,1.3,1.3,13.3,77.9,0.0,0.1,0.1,0.49295774647887325
512,Francesco Caputo,Empoli,36,FW,21,1719,5,4,1,0,2.0,71.9,0.8,0,6.54,0.1,0.1,0.6,0.0,0.4,0.0,0.1,0,0.0,1.0,1.1,1.1,1.1,15.4,71.9,0.0,0.0,0.0,0.3380281690140845
513,Martín Satriano,Empoli,23,FW,31,1709,2,1,4,0,1.2,69.0,1.4,0,6.33,0.4,0.1,0.6,0.0,0.6,0.3,0.0,0,0.6,0.9,0.2,1.5,1.5,11.5,69.0,0.0,0.2,0.0,0.3380281690140845
514,Krzysztof Piatek,Salernitana,28,FW,33,2144,4,5,5,0,1.8,70.1,2.7,1,6.59,0.5,0.1,1.2,0.0,1.2,0.5,0.1,0,0.3,1.3,0.7,1.1,1.1,16.2,70.1,0.0,0.4,0.0,0.323943661971831
515,Beto,Udinese,26,FW,33,2132,10,1,2,0,1.8,65.7,2.2,3,6.66,0.5,0.2,1.1,0.0,0.9,0.4,0.1,0,1.0,0.8,0.3,1.3,1.3,8.8,65.7,0.0,0.2,0.0,0.38028169014084506
516,Ilija Nestorovski,Udinese,34,FW,21,626,2,1,3,0,0.7,71.6,0.6,0,6.31,0.3,0.1,0.9,0.0,0.5,0.3,0.0,0,0.1,1.0,0.2,0.1,0.1,7.7,71.6,0.0,0.2,0.1,0.38028169014084506
517,Assan Ceesay,Lecce,30,FW,34,1818,6,0,2,0,1.2,58.9,1.9,1,6.43,0.7,0.1,1.1,0.0,0.6,0.2,0.1,0,0.6,0.8,0.6,0.7,0.7,10.9,58.9,0.1,0.1,0.0,0.23943661971830985
518,Lorenzo Colombo,Lecce,22,FW,33,1518,5,2,4,0,1.4,64.4,1.2,0,6.3,0.5,0.1,1.1,0.0,0.2,0.2,0.0,0,0.3,0.5,0.2,1.2,1.2,9.6,64.4,0.1,0.2,0.0,0.23943661971830985
519,Antonio Sanabria,Torino,28,FW,33,2442,12,4,4,0,2.1,76.1,2.6,4,6.82,0.3,0.1,1.0,0.0,0.2,0.2,0.1,0,0.7,0.8,0.4,0.9,0.9,20.8,76.1,0.0,0.5,0.0,0.4788732394366197
520,Fabio Quagliarella,Sampdoria,41,FW,23,797,1,1,2,0,1.6,68.3,0.4,0,6.14,0.1,0.0,0.2,0.0,0.4,0.3,0.0,0,0.2,0.8,0.3,0.2,0.2,9.9,68.3,0.1,0.6,0.0,0.0
521,Frank Tsadjout,Cremonese,24,FW,20,1057,3,1,1,0,1.3,69.4,3.0,1,6.58,0.5,0.4,1.1,0.0,0.5,0.3,0.1,0,0.6,0.9,0.2,0.5,0.5,13.3,69.4,0.0,0.1,0.0,0.11267605633802817
522,Cyriel Dessers,Cremonese,29,FW,26,1595,6,2,3,0,1.9,65.3,0.6,0,6.38,0.4,0.1,1.3,0.0,0.2,0.2,0.1,0,0.5,0.5,0.9,0.8,0.8,10.3,65.3,0.1,0.2,0.0,0.11267605633802817
523,Cristian Buonaiuto,Cremonese,31,FW,29,970,1,0,3,0,1.5,73.3,0.2,0,6.34,0.9,0.5,0.6,0.0,0.2,0.5,0.0,0,0.7,0.8,0.0,1.0,1.0,13.0,73.3,0.6,0.4,0.0,0.11267605633802817
524,Daniel Ciofani,Cremonese,38,FW,32,1058,8,0,1,0,1.0,62.5,1.1,0,6.34,0.2,0.1,0.3,0.0,0.3,0.1,0.0,0,0.0,0.5,0.2,0.3,0.3,6.0,62.5,0.0,0.2,0.0,0.11267605633802817
525,Felix Afena-Gyan,Cremonese,21,FW,23,812,0,0,4,0,0.9,76.6,0.7,0,6.04,0.3,0.0,0.8,0.0,0.1,0.3,0.0,0,0.3,0.5,0.3,0.9,0.9,8.0,76.6,0.0,0.1,0.0,0.11267605633802817
526,Milan Djuric,Verona,33,FW,28,1364,1,1,3,0,0.6,51.6,7.1,3,6.74,0.1,0.0,0.9,0.0,0.9,0.1,0.1,0,0.1,1.0,0.2,0.5,0.5,18.5,51.6,0.0,0.1,0.0,0.16901408450704225
527,M'Bala Nzola,Spezia,27,FW,31,2654,13,2,8,0,2.0,80.5,1.4,3,6.64,0.4,0.2,1.8,0.0,0.7,0.2,0.2,0,1.0,1.3,0.3,2.2,2.2,18.5,80.5,0.1,0.1,0.0,0.16901408450704225
